"","日期","AQI","范围","质量等级","PM2.5","PM10","SO2","CO","NO2","O3","排名"
"1","2014-01-01",87,"76~99","良",45,111.3,27.7,1.507,61.9,64,32
"2","2014-01-02",119,"80~218","轻度污染",111.4,168.5,69.3,3.431,93.1,17,66
"3","2014-01-03",81,"38~202","良",46.5,97.7,29,1.301,52,65,41
"4","2014-01-04",151,"87~229","中度污染",114.4,147,40,2.82,75.4,10,112
"5","2014-01-05",121,"33~220","轻度污染",90.5,117.5,35.9,2.297,67,57,67
"6","2014-01-06",181,"149~228","中度污染",137.5,157.8,46.3,2.383,68.2,11,104
"7","2014-01-07",144,"20~247","轻度污染",110.6,124.9,34.4,1.978,59.8,55,85
"8","2014-01-08",29,"20~43","优",15.3,24.6,13,0.499,21.1,59,9
"9","2014-01-09",44,"18~82","优",27,45.5,19.3,0.796,34.5,65,25
"10","2014-01-10",86,"53~157","良",62.8,93.5,53.2,1.9,70.5,28,58
"11","2014-01-11",140,"84~247","轻度污染",106.2,128.2,75.9,2.817,89.8,20,106
"12","2014-01-12",47,"20~87","优",26.6,47.2,26.9,0.731,39.1,68,32
"13","2014-01-13",110,"69~194","轻度污染",82.2,107,66.5,2.297,78.1,27,113
"14","2014-01-14",109,"50~175","轻度污染",81.5,107.6,67.8,2.397,74.2,31,87
"15","2014-01-15",120,"67~458","轻度污染",94.9,117.4,66,2.65,83.8,25,68
"16","2014-01-16",390,"172~487","严重污染",353,384.5,109.2,4.601,122.9,32,179
"17","2014-01-17",207,"94~365","重度污染",165.1,193.8,66.7,2.449,75.8,47,115
"18","2014-01-18",100,"36~237","轻度污染",74.5,81.2,42.2,1.52,60.8,44,50
"19","2014-01-19",178,"119~244","中度污染",115.4,186.1,71.3,2.509,72.2,66,101
"20","2014-01-20",39,"26~103","优",7.8,34.7,6.1,0.315,14.7,67,6
"21","2014-01-21",30,"23~52","优",18.3,24.9,26.5,0.725,34,50,6
"22","2014-01-22",150,"105~247","中度污染",114.8,137.6,74.5,2.228,93.3,22,147
"23","2014-01-23",271,"228~325","重度污染",220.9,262.5,117.6,4.039,125,10,182
"24","2014-01-24",185,"46~314","中度污染",147.8,167.8,78.6,2.78,92.1,30,117
"25","2014-01-25",42,"21~81","优",24.2,41.6,24.5,0.963,42.3,66,18
"26","2014-01-26",77,"54~146","良",52.6,81,44.9,0.997,47.5,51,78
"27","2014-01-27",128,"28~206","轻度污染",89.2,119.5,56.5,1.781,60,63,116
"28","2014-01-28",61,"23~106","良",39.6,74.9,28.2,0.907,38.5,70,53
"29","2014-01-29",154,"93~250","中度污染",118.2,141.2,70.7,2.311,74.9,24,136
"30","2014-01-30",99,"22~233","良",71.7,96.7,39.3,1.215,45.9,73,50
"31","2014-01-31",184,"110~361","中度污染",143.2,181.7,63.2,1.445,47.9,45,82
"32","2014-02-01",179,"149~213","中度污染",135.1,145.8,51.5,1.978,57.5,16,130
"33","2014-02-02",109,"34~206","轻度污染",65.9,97.5,19.1,1.223,31.3,77,63
"34","2014-02-03",40,"33~58","优",5.2,31.7,4.8,0.303,8.1,76,29
"35","2014-02-04",51,"29~128","良",26.9,40.3,19.1,0.615,21.1,71,52
"36","2014-02-05",117,"91~158","轻度污染",88.3,102.4,53.2,1.574,48.7,48,177
"37","2014-02-06",159,"118~197","中度污染",120.2,130.4,66.3,2.047,63.8,48,181
"38","2014-02-07",134,"130~137","轻度污染",101.7,67.3,33.3,1.578,59,16,167
"39","2014-02-08",96,"22~169","良",66.7,39.7,22.8,1.186,35.9,69,105
"40","2014-02-09",29,"25~33","优",9,15.7,15.6,0.452,17.7,68,35
"41","2014-02-10",37,"21~82","优",24.2,28.5,25.6,0.745,37.7,62,39
"42","2014-02-11",129,"80~228","轻度污染",97.9,111.5,57.8,2.057,76.8,49,147
"43","2014-02-12",150,"53~216","中度污染",111.5,115.8,53,2.153,77.4,57,134
"44","2014-02-13",239,"211~285","重度污染",187.8,173.3,73.3,2.816,83.6,33,180
"45","2014-02-14",311,"248~500","严重污染",265.3,295.3,73.3,3.106,94.8,35,181
"46","2014-02-15",428,"358~500","严重污染",392.6,448.6,100.2,3.772,109.7,33,186
"47","2014-02-16",339,"183~470","严重污染",296,204,79.1,3.178,87.6,77,178
"48","2014-02-17",138,"73~276","轻度污染",105.1,51.6,66.5,2.067,72.5,67,145
"49","2014-02-18",96,"59~133","良",70.8,84.1,37.6,1.13,61.3,52,141
"50","2014-02-19",87,"24~173","良",64.3,71.6,33.7,1.198,60.3,71,95
"51","2014-02-20",212,"172~314","重度污染",164.4,174.8,44.8,2.168,78.9,24,167
"52","2014-02-21",309,"285~326","严重污染",258.6,284.1,77.8,2.671,100.8,35,184
"53","2014-02-22",314,"283~341","严重污染",262.9,300.4,101.9,3.351,101.5,24,182
"54","2014-02-23",261,"234~291","重度污染",210.6,245.6,129.7,3.608,91.9,15,172
"55","2014-02-24",310,"275~399","严重污染",259.8,327.3,133.1,4.743,119.4,25,176
"56","2014-02-25",403,"383~419","严重污染",354.3,389.1,78.3,5.229,121.6,16,182
"57","2014-02-26",331,"84~500","严重污染",315.5,250.1,80.5,3.701,105.6,29,162
"58","2014-02-27",33,"18~61","优",16.5,24.3,13.3,0.472,25.3,73,16
"59","2014-02-28",106,"58~185","轻度污染",77.8,102,32.6,1.505,71.4,49,149
"60","2014-03-01",57,"23~127","良",38.4,57.2,23.4,0.84,48.1,79,63
"61","2014-03-02",177,"137~257","中度污染",134.7,165,60.5,2.577,93.5,47,162
"62","2014-03-03",268,"213~316","重度污染",217.5,247.9,96,4.165,102.2,8,184
"63","2014-03-04",86,"17~288","良",56.9,77.6,27.5,1.263,39.6,82,55
"64","2014-03-05",39,"24~61","优",19.6,34.8,16,0.771,34.9,77,26
"65","2014-03-06",36,"24~71","优",15.8,27.9,14.2,0.599,29.2,82,22
"66","2014-03-07",68,"23~94","良",48.1,72.4,25.7,1.064,52.8,75,91
"67","2014-03-08",172,"94~224","中度污染",130.7,165.5,67.9,2.262,91.6,49,166
"68","2014-03-09",126,"37~189","轻度污染",94.5,118,45,1.575,68.2,89,130
"69","2014-03-10",109,"46~193","轻度污染",81,100.9,53.4,1.672,72.2,57,99
"70","2014-03-11",205,"51~261","重度污染",154.8,195.7,76,2.355,80.4,87,159
"71","2014-03-12",37,"31~52","优",10.6,22.7,9,0.408,25.7,85,13
"72","2014-03-13",56,"20~215","良",19.6,75,14.3,0.61,36.7,90,49
"73","2014-03-14",62,"28~144","良",20.6,78.8,13.3,0.506,31.2,93,44
"74","2014-03-15",129,"89~219","轻度污染",94,172.7,43,1.464,89.1,86,132
"75","2014-03-16",152,"98~222","中度污染",113,198.3,76.5,2.112,72.2,117,148
"76","2014-03-17",182,"61~500","中度污染",82.9,240.7,26.9,1.198,49.7,81,139
"77","2014-03-18",88,"50~160","良",37.2,123.8,17,0.623,36.2,101,59
"78","2014-03-19",75,"53~93","良",46.1,93,16.9,0.772,45.8,85,58
"79","2014-03-20",38,"29~55","优",10.3,27,5.2,0.382,22.5,92,13
"80","2014-03-21",55,"25~91","良",24.8,64,11,0.622,43.4,102,45
"81","2014-03-22",83,"37~162","良",46.8,114.6,16.3,0.841,53.4,109,82
"82","2014-03-23",176,"117~268","中度污染",134.1,182.7,43.6,1.554,68.9,167,168
"83","2014-03-24",270,"218~299","重度污染",220.1,249.2,52.9,1.985,93.3,144,188
"84","2014-03-25",250,"214~294","重度污染",199.7,236.6,42.8,1.611,92.2,186,182
"85","2014-03-26",319,"243~408","严重污染",268.9,318.3,42.9,1.96,110.5,181,184
"86","2014-03-27",294,"134~414","重度污染",249.3,300.3,33.7,2.367,106.7,31,177
"87","2014-03-28",169,"82~218","中度污染",127.5,170.8,24.6,1.686,66,104,162
"88","2014-03-29",72,"41~204","良",39.1,76,7,0.58,36.6,99,64
"89","2014-03-30",64,"30~97","良",31.4,77.6,8,0.54,57.7,100,48
"90","2014-03-31",172,"55~296","中度污染",132.9,183.2,34.5,1.754,80.5,109,159
"91","2014-04-01",138,"74~234","轻度污染",104.4,117.5,17.1,0.924,60.3,142,152
"92","2014-04-02",132,"90~176","轻度污染",99.3,158.5,20.7,0.987,57.6,152,164
"93","2014-04-03",64,"19~106","良",22.7,79.5,5.7,0.457,36.1,100,72
"94","2014-04-04",92,"63~112","良",31.7,131.5,8.4,0.561,39.6,109,120
"95","2014-04-05",65,"33~104","良",21.8,80.3,5.9,0.383,29,107,60
"96","2014-04-06",97,"60~122","良",52.7,142.8,12.3,0.655,58.2,124,136
"97","2014-04-07",133,"96~210","轻度污染",97.3,175.7,19.9,0.799,62.2,181,169
"98","2014-04-08",224,"207~260","重度污染",173.5,237.3,37.7,1.469,82.2,212,184
"99","2014-04-09",194,"99~294","中度污染",121.3,238.8,19.2,0.904,50.3,114,171
"100","2014-04-10",278,"139~473","重度污染",86.5,385.5,27.3,1.275,51.7,77,183
"101","2014-04-11",89,"60~157","良",59.6,112.5,16.7,0.964,60.3,107,101
"102","2014-04-12",131,"110~150","轻度污染",99.6,135.6,24.8,1.443,75.4,149,156
"103","2014-04-13",204,"145~249","重度污染",157.4,190.4,25.4,1.294,71.4,227,176
"104","2014-04-14",279,"185~328","重度污染",228.9,262.7,32.7,1.894,78.8,224,188
"105","2014-04-15",132,"75~185","轻度污染",91.4,142,16.1,0.966,61.3,118,147
"106","2014-04-16",83,"69~102","良",51,113.4,11.7,0.74,68.1,93,122
"107","2014-04-17",122,"107~161","轻度污染",91.4,124.5,18.5,1.383,70.5,118,147
"108","2014-04-18",182,"91~231","中度污染",138.1,124.1,16.6,1.538,64.5,140,175
"109","2014-04-19",83,"62~99","良",61.4,83.5,14.7,0.776,64.5,90,149
"110","2014-04-20",83,"25~123","良",59.9,79.6,7.4,0.632,53.8,117,107
"111","2014-04-21",69,"37~96","良",48.3,79.3,7.1,0.577,55.7,119,88
"112","2014-04-22",80,"59~110","良",57.9,101.4,9.1,0.582,54.2,163,109
"113","2014-04-23",153,"82~232","中度污染",115.6,147,20.7,0.901,41.3,169,153
"114","2014-04-24",153,"90~203","中度污染",115.4,133.5,18.7,0.92,46.9,162,171
"115","2014-04-25",175,"85~228","中度污染",129.4,189.7,20.3,1.027,68.7,206,178
"116","2014-04-26",66,"30~95","良",37.4,82.2,4,0.35,27.6,94,94
"117","2014-04-27",76,"50~129","良",51,93,6.4,0.633,47.7,143,113
"118","2014-04-28",84,"57~133","良",61.4,97.9,8,0.715,49.1,159,122
"119","2014-04-29",119,"95~141","轻度污染",89.3,143.3,17.1,0.936,67.8,197,161
"120","2014-04-30",139,"119~192","轻度污染",102.7,158.2,19.1,0.974,67,217,165
"121","2014-05-01",167,"55~221","中度污染",121,186.3,18.6,0.846,41,199,159
"122","2014-05-02",49,"34~86","优",22.5,46,2.9,0.287,21.1,100,32
"123","2014-05-03",94,"53~294","良",37.7,127.3,6,0.424,43.3,97,99
"124","2014-05-04",55,"40~85","良",25.8,59.4,3.4,0.343,17.2,91,59
"125","2014-05-05",50,"25~69","良",23,52.9,3.6,0.425,36,105,55
"126","2014-05-06",100,"67~146","良",73.8,124.4,26.9,0.917,61.5,131,136
"127","2014-05-07",96,"49~161","良",62.8,102.2,11.8,0.905,45,109,100
"128","2014-05-08",103,"83~134","轻度污染",74.5,107.5,15.5,0.994,46.1,174,125
"129","2014-05-09",88,"70~105","良",61.2,106.1,32.6,1.298,52,120,120
"130","2014-05-10",72,"61~84","良",50.3,87.1,27.2,1.173,50.1,108,136
"131","2014-05-11",45,"31~64","优",24,20.1,3.3,0.825,29.4,102,68
"132","2014-05-12",61,"39~106","良",34.4,68.4,6.8,0.646,43.9,146,68
"133","2014-05-13",89,"68~135","良",51.6,123.6,9.9,0.657,57,127,109
"134","2014-05-14",55,"34~104","良",17.3,62.8,7.3,0.289,26,93,56
"135","2014-05-15",116,"60~208","轻度污染",59.4,181,7.3,0.547,60.6,126,137
"136","2014-05-16",90,"36~144","良",44.8,121.2,9.5,0.552,48.6,133,97
"137","2014-05-17",99,"73~123","良",56.3,120.3,24.6,0.98,59.8,215,120
"138","2014-05-18",110,"63~202","轻度污染",77,141.7,23.4,0.935,55.9,258,136
"139","2014-05-19",142,"90~205","轻度污染",106,158.5,14.5,0.991,44.5,246,156
"140","2014-05-20",121,"40~244","轻度污染",78.9,129.8,9.2,0.891,45.9,170,107
"141","2014-05-21",142,"107~197","轻度污染",107.2,168.3,25.3,1.459,52.7,267,145
"142","2014-05-22",190,"93~334","中度污染",136.2,195.8,36.7,1.414,61.4,261,166
"143","2014-05-23",127,"97~155","轻度污染",80.8,155.9,19.6,0.81,55.2,203,166
"144","2014-05-24",102,"87~126","轻度污染",75.7,80,6,1.006,45.9,101,165
"145","2014-05-25",121,"45~355","轻度污染",65.5,114.5,2.1,0.669,29,101,112
"146","2014-05-26",66,"53~79","良",21.8,76.7,4.6,0.441,54.7,148,58
"147","2014-05-27",103,"44~276","轻度污染",34.8,144.6,4,0.381,42.2,114,76
"148","2014-05-28",78,"54~116","良",29.9,87,8.3,0.607,54.8,210,79
"149","2014-05-29",96,"80~120","良",42.3,115.1,10.3,0.671,60.2,196,90
"150","2014-05-30",145,"88~206","轻度污染",84,171.3,36.9,1.55,53.2,343,134
"151","2014-05-31",161,"105~237","中度污染",114.1,215.4,45.2,2.135,57.8,303,159
"152","2014-06-01",94,"71~165","良",44.5,55.3,2.3,0.627,25.7,179,131
"153","2014-06-02",63,"37~95","良",26.4,42.7,2.4,0.443,25.5,163,96
"154","2014-06-03",73,"45~119","良",32.7,61.2,13.4,0.567,40.6,194,106
"155","2014-06-04",98,"70~124","良",52.9,89.4,8.9,0.845,45,217,148
"156","2014-06-05",100,"65~144","良",58.5,93.4,11.2,0.822,41.4,253,131
"157","2014-06-06",76,"29~141","良",48.6,70.8,11.7,1.066,39.3,85,76
"158","2014-06-07",38,"18~60","优",9.3,25.9,2.1,0.341,27,102,32
"159","2014-06-08",57,"36~69","良",26.6,58,7.4,0.683,54.4,169,50
"160","2014-06-09",58,"35~83","良",27.1,52.9,6.3,0.595,43,160,72
"161","2014-06-10",91,"61~116","良",66.6,84.8,6.4,1.168,42.5,154,138
"162","2014-06-11",71,"29~122","良",39.9,40.7,2.9,0.719,31.9,133,85
"163","2014-06-12",63,"43~87","良",24.4,56.1,5.5,0.509,38.8,146,53
"164","2014-06-13",95,"49~119","良",48.4,84,8.1,0.853,41.1,224,105
"165","2014-06-14",85,"30~160","良",38.4,67.9,3.2,0.64,38.2,252,71
"166","2014-06-15",151,"115~179","中度污染",101.3,144.9,14.5,1.167,49.3,280,156
"167","2014-06-16",166,"121~205","中度污染",125.6,149.2,3.4,1.01,40.5,226,163
"168","2014-06-17",126,"57~257","轻度污染",87.7,106.6,3.4,0.925,34.7,184,138
"169","2014-06-18",87,"42~149","良",60.9,72,3.9,0.728,36,222,123
"170","2014-06-19",159,"122~233","中度污染",120.7,132,5.3,1.161,44.5,175,175
"171","2014-06-20",71,"33~126","良",43.6,37.9,2.4,0.793,27.4,156,125
"172","2014-06-21",100,"72~119","轻度污染",65.3,63,4.6,0.958,33.7,177,172
"173","2014-06-22",60,"28~91","良",28.9,41,2.1,0.577,30.7,163,92
"174","2014-06-23",63,"24~112","良",23.3,43.8,2,0.477,37.6,194,85
"175","2014-06-24",97,"64~159","良",49.1,86.8,5.7,0.729,51.9,233,129
"176","2014-06-25",137,"91~189","轻度污染",102.2,125,10,1.197,48,145,176
"177","2014-06-26",176,"96~228","中度污染",126.9,50.7,3.8,1.063,33,242,181
"178","2014-06-27",47,"22~86","优",18.6,40.5,2.8,0.425,33.9,117,63
"179","2014-06-28",50,"34~68","优",19.4,45.3,5.4,0.434,41.6,133,57
"180","2014-06-29",85,"48~155","良",41.6,84.1,10.7,0.999,51.9,240,112
"181","2014-06-30",122,"92~180","轻度污染",72.7,120.4,15.4,1.168,52.6,302,157
"182","2014-07-01",126,"84~191","轻度污染",88.8,136.4,17.2,0.996,48.8,238,148
"183","2014-07-02",84,"50~136","良",55.2,57.2,2.9,0.868,27.7,132,133
"184","2014-07-03",239,"139~293","重度污染",189.6,103.3,4.7,1.3,40,195,187
"185","2014-07-04",239,"192~267","重度污染",187.8,128.3,4.1,1.264,39.8,232,188
"186","2014-07-05",167,"119~198","中度污染",124.1,100.1,3.7,1.142,37.9,199,185
"187","2014-07-06",253,"221~274","重度污染",202.3,154.5,8,1.353,35.9,212,188
"188","2014-07-07",210,"126~274","重度污染",165.4,185.3,8.9,1.167,40.5,210,183
"189","2014-07-08",150,"38~268","中度污染",105.7,123.2,8.7,0.865,40.3,117,133
"190","2014-07-09",60,"28~90","良",24.5,69.1,5.9,0.563,54.6,135,87
"191","2014-07-10",78,"43~114","良",27,79.7,7.8,0.505,40.4,201,112
"192","2014-07-11",62,"30~82","良",27.5,67.1,4.8,0.459,39.8,137,73
"193","2014-07-12",48,"22~80","优",12.1,34.8,2.2,0.307,30.6,145,67
"194","2014-07-13",49,"25~98","优",16.3,52.3,2.8,0.402,39.5,131,68
"195","2014-07-14",90,"39~155","良",26.2,64,4.5,0.519,43.2,259,117
"196","2014-07-15",113,"94~141","轻度污染",50.2,106.4,6.9,0.595,27.6,220,173
"197","2014-07-16",120,"88~220","轻度污染",86.5,110.9,4.1,0.805,41.7,207,173
"198","2014-07-17",174,"78~240","中度污染",132.2,134.6,4.2,1.837,40.5,147,182
"199","2014-07-18",186,"150~249","中度污染",141.8,107,7,1.654,38.2,222,186
"200","2014-07-19",118,"76~148","轻度污染",82.1,102.3,2.6,0.759,33.4,178,165
"201","2014-07-20",98,"67~135","良",66.7,91,3.7,0.722,26,197,158
"202","2014-07-21",51,"26~88","良",26.1,42.5,4.5,0.48,23.8,117,70
"203","2014-07-22",39,"25~60","优",11.9,36.6,7.1,0.472,39.6,58,37
"204","2014-07-23",63,"42~86","良",25.7,74.3,5.7,0.708,59.3,115,110
"205","2014-07-24",87,"63~119","良",60.8,112,6.3,0.976,68.3,134,152
"206","2014-07-25",110,"71~134","轻度污染",64.3,90.6,7,1.221,42.8,207,167
"207","2014-07-26",155,"105~193","中度污染",94,135.5,10.1,1.184,41.3,286,170
"208","2014-07-27",160,"106~198","中度污染",106.5,154.2,17.6,0.975,34.9,282,173
"209","2014-07-28",168,"109~212","中度污染",121.9,155.6,8.9,0.942,32.8,239,178
"210","2014-07-29",165,"118~249","中度污染",125.5,149.5,5,0.849,28.2,201,180
"211","2014-07-30",160,"83~251","中度污染",119.6,68.5,2.6,1.352,28.1,162,181
"212","2014-07-31",246,"207~267","重度污染",195.1,76.4,3.4,1.634,35.9,226,189
"213","2014-08-01",198,"156~225","中度污染",150.2,127.8,3.1,1.346,35.1,223,187
"214","2014-08-02",164,"125~191","中度污染",124,131.5,2.9,1.072,39,259,184
"215","2014-08-03",152,"86~216","中度污染",110.6,139.3,2.3,1.015,39.1,224,173
"216","2014-08-04",51,"22~98","良",31.2,42.9,2.7,0.612,36.1,59,52
"217","2014-08-05",49,"19~82","优",24.3,49.8,5.1,0.579,37,169,63
"218","2014-08-06",60,"29~91","良",31.4,63.9,2.9,0.58,46.4,122,102
"219","2014-08-07",114,"77~161","轻度污染",62,92.2,10,1.134,44.9,248,179
"220","2014-08-08",107,"81~140","轻度污染",64.3,102.7,7.9,1.064,45.1,220,178
"221","2014-08-09",134,"95~186","轻度污染",80,122.8,9.1,1.062,40.3,229,185
"222","2014-08-10",78,"33~126","良",31.8,49,2.9,0.59,32.6,202,116
"223","2014-08-11",51,"27~82","良",23.7,48.1,2.9,0.48,39.7,139,63
"224","2014-08-12",71,"29~117","良",24.7,57.7,5.6,0.645,44.6,201,107
"225","2014-08-13",45,"29~81","优",25.5,35.2,2,0.606,34.2,104,62
"226","2014-08-14",61,"29~104","良",29.1,44.2,3.7,0.633,39,196,105
"227","2014-08-15",76,"40~107","良",34.5,68.6,4.5,0.619,49.2,210,110
"228","2014-08-16",97,"56~158","良",54.8,92.5,6.3,0.868,49.4,250,126
"229","2014-08-17",98,"55~193","良",52.7,88.3,4.6,0.784,32,201,151
"230","2014-08-18",88,"50~138","良",56.7,84.4,5.6,0.819,38,219,145
"231","2014-08-19",129,"103~157","轻度污染",84.4,119.1,6,0.962,40.2,239,184
"232","2014-08-20",143,"114~179","轻度污染",104.3,146.4,13.9,1.082,40.7,256,180
"233","2014-08-21",179,"135~210","中度污染",126.4,168.8,8.8,1.148,48.9,279,181
"234","2014-08-22",80,"35~139","良",51.3,80.4,3.3,0.795,57.7,93,98
"235","2014-08-23",142,"113~174","轻度污染",106.5,137,5,1.095,55.5,251,178
"236","2014-08-24",47,"23~94","优",16.8,37.9,4.2,0.438,27.4,110,66
"237","2014-08-25",45,"25~73","优",16.4,42,3.8,0.445,36.2,116,50
"238","2014-08-26",61,"36~83","良",22.8,65.9,5.5,0.523,55.7,160,76
"239","2014-08-27",91,"61~136","良",47.3,106.7,7.6,0.703,59.1,219,145
"240","2014-08-28",104,"81~132","轻度污染",77.4,118.7,7.1,0.913,53.6,150,168
"241","2014-08-29",99,"75~127","良",73.6,82.2,4,0.978,34.7,171,165
"242","2014-08-30",171,"117~208","中度污染",128.8,147.6,4.4,1.53,58.2,77,186
"243","2014-08-31",87,"64~116","良",64,49.1,2.2,0.985,29.6,157,159
"244","2014-09-01",126,"46~177","轻度污染",94.9,83.4,3.1,1.592,45.1,119,170
"245","2014-09-02",36,"26~53","优",20.1,15.4,2,0.842,31.2,74,41
"246","2014-09-03",36,"18~65","优",14.9,34.8,5.2,0.551,37.6,140,55
"247","2014-09-04",76,"60~100","良",39.5,90.6,5.2,0.824,61,189,123
"248","2014-09-05",121,"80~196","轻度污染",86.2,137.6,8.6,1.029,51.3,229,153
"249","2014-09-06",184,"150~204","中度污染",138.3,160.7,11.7,1.402,38.9,219,189
"250","2014-09-07",196,"149~256","中度污染",150.5,182.2,9.8,1.262,43.9,191,186
"251","2014-09-08",47,"28~110","优",13.5,30,3.7,0.344,24,110,53
"252","2014-09-09",74,"39~110","良",35.8,82.6,5.4,0.643,48.7,204,117
"253","2014-09-10",97,"77~133","良",63.4,111,11,1.077,56.7,185,157
"254","2014-09-11",110,"81~135","轻度污染",82.3,123.5,15.6,1.423,63.8,133,174
"255","2014-09-12",98,"77~144","良",72.9,53.8,3.7,0.963,50.7,91,177
"256","2014-09-13",93,"69~115","良",67.2,96.2,7.1,0.802,49.3,166,173
"257","2014-09-14",69,"20~111","良",41.8,76.6,3.3,0.54,47.5,76,118
"258","2014-09-15",45,"18~76","优",17.9,47.9,5,0.401,36.4,100,83
"259","2014-09-16",71,"40~100","良",38.1,90.9,4.9,0.594,66.3,45,148
"260","2014-09-17",75,"54~113","良",50.7,88.4,3.9,0.708,61.4,78,160
"261","2014-09-18",89,"60~115","良",62.3,94.4,3.6,0.731,58.7,149,161
"262","2014-09-19",112,"75~171","轻度污染",83.7,119.3,6.6,0.893,59.7,142,167
"263","2014-09-20",158,"131~230","中度污染",120.4,124.4,4.9,1.18,52.9,191,182
"264","2014-09-21",132,"82~232","轻度污染",99.6,118.7,14.8,1.727,46,133,173
"265","2014-09-22",124,"103~149","轻度污染",93.5,107.6,10.9,1.982,58.8,56,172
"266","2014-09-23",67,"40~120","良",47.9,22.3,2.4,1.084,40.2,31,105
"267","2014-09-24",50,"23~97","优",33.7,40.2,2.2,0.786,44.8,91,64
"268","2014-09-25",143,"86~205","轻度污染",107,129.6,3.1,1.291,53,81,170
"269","2014-09-26",164,"111~218","中度污染",124,102.6,8.9,1.574,62,76,174
"270","2014-09-27",52,"22~138","良",30,36.2,3,0.583,41.9,96,45
"271","2014-09-28",84,"66~116","良",56.1,106.7,8.4,1.209,67.2,64,134
"272","2014-09-29",78,"23~125","良",51.4,76.9,3.5,0.881,38.3,73,113
"273","2014-09-30",49,"32~78","优",23.7,51.6,7.4,0.617,39,52,82
"274","2014-10-01",91,"71~114","良",66.5,77.3,4.2,0.967,57.3,8,163
"275","2014-10-02",76,"57~89","良",54.5,51.1,4,0.952,46.3,55,112
"276","2014-10-03",120,"72~192","轻度污染",89.2,108.3,4.2,1.589,52.3,25,146
"277","2014-10-04",101,"71~174","轻度污染",75.1,48.4,2.4,1.138,39,68,156
"278","2014-10-05",48,"21~91","优",29.7,40.2,2,0.697,29.9,78,48
"279","2014-10-06",48,"31~86","优",25.1,50,2.8,0.456,46.9,82,30
"280","2014-10-07",180,"88~267","中度污染",139.6,181.1,12.3,1.289,86.4,121,163
"281","2014-10-08",310,"248~383","严重污染",258.8,292.2,9.7,2.094,102.5,83,184
"282","2014-10-09",380,"348~417","严重污染",330.6,353,5.7,2.283,92,111,187
"283","2014-10-10",351,"314~396","严重污染",300.4,268.5,12.7,2.358,84.5,134,186
"284","2014-10-11",233,"25~351","重度污染",190.3,126.2,6.6,1.804,60.8,73,147
"285","2014-10-12",25,"20~28","优",6.2,8.9,2.9,0.249,22.3,61,10
"286","2014-10-13",33,"17~75","优",13.1,31.2,4.5,0.326,33.9,60,21
"287","2014-10-14",72,"50~120","良",43,88.3,7.6,0.688,61.2,83,62
"288","2014-10-15",81,"33~131","良",43.3,99.1,4.5,0.585,43.7,71,55
"289","2014-10-16",73,"48~104","良",33.9,93.9,7.5,0.63,54.7,91,68
"290","2014-10-17",128,"85~192","轻度污染",93.8,176.2,11.1,1.214,104.2,78,136
"291","2014-10-18",195,"116~296","中度污染",152,229.2,17.1,2.006,114.7,163,159
"292","2014-10-19",294,"238~360","重度污染",242.9,313.3,11.7,2.456,118.7,88,188
"293","2014-10-20",249,"170~299","重度污染",198.2,212.2,4.8,1.555,73.9,72,184
"294","2014-10-21",67,"40~90","良",33.9,81.4,19.2,1.21,57,39,75
"295","2014-10-22",101,"69~135","轻度污染",71.2,136.2,11,1.273,75,12,119
"296","2014-10-23",157,"121~210","中度污染",118.5,175.5,13.1,1.527,85.2,38,151
"297","2014-10-24",268,"195~349","重度污染",217.1,265.5,11.2,2.083,88.4,99,181
"298","2014-10-25",341,"274~420","严重污染",291.4,327,6.4,2.431,87.4,103,187
"299","2014-10-26",86,"17~370","良",58.9,62,2.7,0.674,39.8,69,45
"300","2014-10-27",52,"20~83","良",25.3,61,11.2,0.673,51.8,54,46
"301","2014-10-28",83,"60~100","良",60.1,106.3,11.6,0.987,69.2,45,114
"302","2014-10-29",140,"110~188","轻度污染",105.1,161.1,12.6,1.295,88.7,55,162
"303","2014-10-30",203,"172~235","重度污染",155,194.3,16.6,1.675,99.2,35,173
"304","2014-10-31",201,"168~225","重度污染",152.3,180.5,10.5,2.12,88.7,22,168
"305","2014-11-01",87,"24~222","良",57.3,85.9,5.9,1.068,49.3,55,73
"306","2014-11-02",30,"20~46","优",7.3,24.6,3.9,0.331,23.4,63,15
"307","2014-11-03",50,"26~71","优",23.7,53.8,5.1,0.745,44.4,77,39
"308","2014-11-04",126,"64~242","轻度污染",94.1,134,15.7,1.36,69.5,61,116
"309","2014-11-05",110,"29~237","轻度污染",76.3,98.2,7.4,1.216,51.4,69,88
"310","2014-11-06",34,"26~65","优",9,20.3,3,0.328,21.3,67,15
"311","2014-11-07",62,"55~69","良",41.8,67.9,13.5,1.184,47.8,34,82
"312","2014-11-08",91,"70~113","良",67.2,85.1,10.2,1.417,54.9,75,140
"313","2014-11-09",80,"48~110","良",57.8,77.8,6.6,1.113,57.5,78,98
"314","2014-11-10",92,"60~156","良",67.9,87.1,8.7,1.34,66.7,50,81
"315","2014-11-11",70,"25~158","良",34,66.5,4.1,0.686,31,63,55
"316","2014-11-12",42,"27~63","优",5.2,41,2.7,0.222,10.3,70,40
"317","2014-11-13",44,"22~67","优",22.2,44.6,7.3,0.742,46.9,63,29
"318","2014-11-14",54,"26~103","良",33,60,15,1.031,56.8,53,31
"319","2014-11-15",123,"64~231","轻度污染",92.5,137.4,31.4,2.042,84.3,10,119
"320","2014-11-16",106,"22~215","轻度污染",74.9,108.9,15.6,1.577,55,56,83
"321","2014-11-17",38,"19~82","优",21.8,40.5,13.7,0.736,45.5,65,14
"322","2014-11-18",78,"57~179","良",55.4,93,28.3,1.718,69.4,24,54
"323","2014-11-19",267,"158~353","重度污染",217.7,284.7,43.8,3.317,122.8,9,177
"324","2014-11-20",342,"302~419","严重污染",291.6,360,29.5,3.718,135.9,14,186
"325","2014-11-21",225,"33~427","重度污染",186.9,238.5,20.7,2.833,111,37,127
"326","2014-11-22",50,"18~138","优",31.4,54.2,14.3,0.822,55.4,49,24
"327","2014-11-23",156,"114~216","中度污染",118.4,166,22.2,2.382,91.2,9,132
"328","2014-11-24",103,"34~219","轻度污染",75.1,112.5,15.6,1.753,72.3,44,113
"329","2014-11-25",174,"98~290","中度污染",135.7,178.4,28.2,2.487,93.6,26,166
"330","2014-11-26",283,"223~384","重度污染",231.6,287.9,37.9,3.563,120.2,8,183
"331","2014-11-27",102,"26~394","轻度污染",72.7,108.4,11.6,1.203,57,45,67
"332","2014-11-28",111,"64~225","轻度污染",78.8,146.8,22.3,1.624,71.7,36,142
"333","2014-11-29",268,"220~321","重度污染",217,297.4,18.9,3.425,91.7,3,186
"334","2014-11-30",209,"26~500","重度污染",88.5,241.3,9.3,1.333,40.3,59,154
"335","2014-12-01",56,"20~466","良",9.8,56.7,6,0.464,18.1,59,27
"336","2014-12-02",25,"16~55","优",11.9,21.1,9.6,0.654,34.2,37,6
"337","2014-12-03",56,"37~73","良",7.9,63.4,5.7,0.301,14.3,63,59
"338","2014-12-04",33,"27~47","优",7.3,29.5,6.4,0.328,16.9,63,35
"339","2014-12-05",42,"20~127","优",24.6,45,16.4,0.761,40.1,63,33
"340","2014-12-06",83,"34~132","良",58.2,90.7,33.2,1.765,68.8,43,82
"341","2014-12-07",75,"28~144","良",49.1,77.1,27.3,1.463,48.2,55,75
"342","2014-12-08",78,"22~164","良",55.5,80.3,29.5,1.289,59.8,41,78
"343","2014-12-09",267,"178~331","重度污染",216.6,280,65,4.8,108.3,7,182
"344","2014-12-10",186,"30~324","中度污染",127.3,216.1,27.5,2.516,61.3,64,130
"345","2014-12-11",40,"19~85","优",19.8,38.3,15.1,0.571,31.7,60,29
"346","2014-12-12",41,"23~63","优",11,40.9,7.9,0.433,21.8,56,21
"347","2014-12-13",68,"32~128","良",42.2,79.5,23.7,1.117,48.8,44,61
"348","2014-12-14",110,"55~182","轻度污染",81.8,123,42.8,2.07,74.9,34,94
"349","2014-12-15",109,"26~249","轻度污染",63.9,116.9,26.6,1.483,44.3,65,67
"350","2014-12-16",34,"24~52","优",6.8,29.8,5.9,0.337,13.9,57,13
"351","2014-12-17",95,"26~189","良",67.2,111.2,32.5,1.56,62.7,50,117
"352","2014-12-18",186,"139~233","中度污染",142.7,193.7,79,3.876,93.2,13,170
"353","2014-12-19",57,"24~209","良",31.4,54.2,14.4,0.962,33,65,33
"354","2014-12-20",22,"16~39","优",8.6,17,10,0.476,23.8,53,3
"355","2014-12-21",39,"22~75","优",15.2,36.3,13.3,0.607,29.8,51,25
"356","2014-12-22",94,"56~139","良",69.3,114,39.5,2.084,73.6,41,101
"357","2014-12-23",99,"41~146","良",73,110.3,48.6,2.434,76.7,33,73
"358","2014-12-24",32,"28~41","优",12,30.7,16.6,0.504,32.3,64,5
"359","2014-12-25",43,"21~99","优",27,43.4,22.3,1.002,53.2,66,20
"360","2014-12-26",152,"94~223","中度污染",114.7,154.8,58.4,3.009,91.6,12,139
"361","2014-12-27",239,"179~340","重度污染",189.7,235.7,70.3,4.137,124.6,12,165
"362","2014-12-28",161,"67~320","中度污染",120.7,186.1,51,2.774,91.3,66,111
"363","2014-12-29",134,"52~242","轻度污染",96.1,165.4,41.4,2.759,83.4,61,91
"364","2014-12-30",53,"23~119","良",24.2,60.5,21.7,1.035,50.7,63,24
"365","2014-12-31",44,"26~94","优",5.8,46,6.5,0.31,12.1,60,42
"366","2015-01-01",61,"20~121","良",41,66.8,23.8,1.09,49.9,51,190
"367","2015-01-02",72,"20~150","良",50.6,80.3,31.4,1.333,60,50,133
"368","2015-01-03",194,"163~256","中度污染",148.2,193.4,66.7,3.24,100.7,22,315
"369","2015-01-04",218,"142~306","重度污染",173.8,224.9,74.8,3.67,119.6,26,279
"370","2015-01-05",155,"34~262","中度污染",106.6,156.4,57.2,2.887,70,69,208
"371","2015-01-06",53,"23~138","良",34.2,51.2,22.2,0.803,40.1,58,108
"372","2015-01-07",85,"38~146","良",61.8,89.1,38.1,1.769,64,40,193
"373","2015-01-08",163,"104~277","中度污染",124.1,151,49.4,2.978,91.9,15,297
"374","2015-01-09",99,"19~269","良",73.3,92.8,32.3,1.568,61.3,64,128
"375","2015-01-10",191,"96~270","中度污染",146.7,174.3,54.8,2.805,94.5,48,287
"376","2015-01-11",56,"18~153","良",37.3,55,18,0.892,46.5,50,81
"377","2015-01-12",154,"125~220","中度污染",116.9,146,43,2.176,72.2,37,304
"378","2015-01-13",203,"161~264","重度污染",155.8,183.3,54,2.81,91.8,21,335
"379","2015-01-14",265,"215~317","重度污染",213.9,250.8,54.1,3.085,100.3,7,356
"380","2015-01-15",373,"281~460","严重污染",328.3,375.5,34.3,4.725,111.4,7,363
"381","2015-01-16",138,"19~458","轻度污染",111.9,119.5,9.2,1.633,41.8,68,121
"382","2015-01-17",83,"20~171","良",59.5,71.3,29.5,1.198,57.2,44,148
"383","2015-01-18",112,"48~185","轻度污染",68.4,109.7,29.9,1.488,51.6,77,201
"384","2015-01-19",66,"27~128","良",42.9,73.7,25,1.285,58.7,59,110
"385","2015-01-20",112,"94~144","轻度污染",84.1,107.6,43.8,1.992,74.5,34,232
"386","2015-01-21",33,"19~85","优",19.1,23.4,15.8,0.633,32.2,68,19
"387","2015-01-22",129,"48~242","轻度污染",97.7,120.6,39.1,2.001,79.6,45,204
"388","2015-01-23",257,"222~307","重度污染",206.1,232.7,61.4,3.558,120.9,20,358
"389","2015-01-24",130,"74~299","轻度污染",95.7,145.1,33,1.995,69.8,34,188
"390","2015-01-25",175,"115~257","中度污染",134.3,99.6,15.6,1.741,60.5,37,249
"391","2015-01-26",136,"23~271","轻度污染",102.3,106.5,10.9,1.665,42.7,64,160
"392","2015-01-27",33,"23~66","优",16.9,28,14.3,0.618,29.2,60,44
"393","2015-01-28",52,"19~125","良",36.7,47.4,21.3,1.035,49.3,49,142
"394","2015-01-29",89,"24~182","良",62.6,77.2,21.9,1.197,41.3,68,202
"395","2015-01-30",28,"22~39","优",11.6,21.4,12.3,0.527,25.6,70,22
"396","2015-01-31",43,"19~131","优",29.5,42,19,0.838,42.5,59,69
"397","2015-02-01",103,"55~191","轻度污染",76.6,98.5,40.8,1.899,67.3,35,232
"398","2015-02-02",184,"125~229","中度污染",139.2,155.7,56.5,2.459,86.7,26,321
"399","2015-02-03",156,"33~255","中度污染",117.4,78.7,28.8,1.907,61,80,229
"400","2015-02-04",37,"25~79","优",10.5,32.3,9.2,0.377,19.8,73,45
"401","2015-02-05",45,"27~97","优",27,35.3,16,0.706,42.1,72,68
"402","2015-02-06",89,"50~141","良",65.4,78.3,30,1.78,72.4,57,169
"403","2015-02-07",37,"25~108","优",13.4,26,10.3,0.432,22.1,81,24
"404","2015-02-08",45,"26~119","优",23.5,31.8,16.5,0.585,29.5,68,74
"405","2015-02-09",144,"105~221","轻度污染",108.7,126.8,47.6,1.9,78.5,42,319
"406","2015-02-10",163,"93~216","中度污染",122.8,138.3,47.3,2.393,93.7,70,314
"407","2015-02-11",62,"32~179","良",41,56.1,23,1.011,43.7,88,73
"408","2015-02-12",50,"29~116","良",31.8,41.6,16.1,0.769,43.6,83,62
"409","2015-02-13",157,"116~275","中度污染",120.6,131.4,33.5,2.137,83.4,60,281
"410","2015-02-14",287,"232~376","重度污染",236.4,238.6,55.4,3.163,109.3,83,357
"411","2015-02-15",335,"258~380","严重污染",284.5,307.8,78.2,4.415,113.4,25,360
"412","2015-02-16",164,"38~303","中度污染",121.2,155.8,30.5,2.271,54.1,76,206
"413","2015-02-17",43,"29~75","优",21.9,41.4,10,0.534,28.3,83,35
"414","2015-02-18",68,"19~226","良",46,56.5,18.2,0.74,30.5,85,98
"415","2015-02-19",266,"175~436","重度污染",217.8,248.5,54.7,1.493,41.8,72,346
"416","2015-02-20",181,"141~245","中度污染",138.3,29.2,8.7,1.449,37.8,51,353
"417","2015-02-21",279,"176~500","重度污染",152.4,172.1,8.7,1.632,31.9,77,361
"418","2015-02-22",199,"66~500","中度污染",41.9,277,4,0.395,14.5,70,246
"419","2015-02-23",94,"60~261","良",55.3,113.8,20.6,0.789,33.6,74,212
"420","2015-02-24",198,"139~267","中度污染",153.1,213,33.9,2.123,58.7,66,352
"421","2015-02-25",107,"20~274","轻度污染",77,109.5,10,1.062,32.3,85,165
"422","2015-02-26",34,"27~40","优",12.7,25.7,6,0.379,18.1,82,59
"423","2015-02-27",41,"25~69","优",23.1,37.1,13.2,0.671,29.7,56,124
"424","2015-02-28",163,"60~272","中度污染",123.3,126.5,7.9,1.276,40,46,336
"425","2015-03-01",74,"30~166","良",44.6,90.5,11.5,0.887,39.3,84,201
"426","2015-03-02",86,"37~143","良",53.3,82.4,17.3,1.356,44.5,84,222
"427","2015-03-03",49,"36~80","优",7.6,48.2,2.2,0.283,10.4,82,100
"428","2015-03-04",42,"20~96","优",24.5,41.2,12,0.637,31,81,94
"429","2015-03-05",144,"88~265","轻度污染",110,129.3,46.5,1.559,59,80,353
"430","2015-03-06",246,"206~327","重度污染",195,217.3,59.3,2.149,82.1,82,361
"431","2015-03-07",282,"219~331","重度污染",231.4,246.3,41.1,2.388,82.7,112,366
"432","2015-03-08",171,"28~292","中度污染",128.6,148,21.8,1.425,52.7,86,239
"433","2015-03-09",40,"35~69","优",7.3,27.9,2.8,0.31,14.4,83,58
"434","2015-03-10",48,"25~105","优",30,45,12.7,0.753,38.9,93,95
"435","2015-03-11",56,"23~100","良",36.6,51.9,13.3,0.951,46.1,83,129
"436","2015-03-12",84,"54~125","良",61.1,78.6,20.7,1.168,59.8,75,193
"437","2015-03-13",89,"29~154","良",63.7,81.6,20.9,1.304,59.6,93,175
"438","2015-03-14",129,"80~200","轻度污染",96.7,119.2,39.6,1.865,83.3,50,261
"439","2015-03-15",148,"100~206","轻度污染",102.9,198.2,26.2,1.706,72.7,109,288
"440","2015-03-16",255,"163~366","重度污染",207.4,294.8,32.8,2.018,85,50,344
"441","2015-03-17",227,"73~363","重度污染",182.7,222,16,1.701,57.4,117,340
"442","2015-03-18",72,"54~121","良",47.3,88.5,12.1,0.77,49.8,92,199
"443","2015-03-19",135,"97~194","轻度污染",80.7,203.3,10.7,1.087,69.5,87,316
"444","2015-03-20",126,"108~179","轻度污染",43.5,199,5.8,0.548,45.8,107,294
"445","2015-03-21",78,"49~176","良",18.7,103.4,3.8,0.347,27.6,89,147
"446","2015-03-22",78,"37~152","良",20,104,3.8,0.344,20.8,91,156
"447","2015-03-23",67,"27~96","良",34.2,84,6.8,0.694,43.4,103,168
"448","2015-03-24",106,"73~186","轻度污染",76.5,122.4,28.9,1.821,67.8,101,285
"449","2015-03-25",163,"119~209","中度污染",122.6,158.3,40.8,1.829,78.8,127,356
"450","2015-03-26",140,"90~206","轻度污染",105.4,154.7,21.3,1.026,56,154,337
"451","2015-03-27",140,"89~202","轻度污染",105.2,146.2,30,1.011,54.6,153,320
"452","2015-03-28",188,"58~500","中度污染",63.6,276.6,8.1,0.529,33.1,100,269
"453","2015-03-29",203,"58~432","重度污染",74.8,282.3,17.5,1.055,66.8,127,254
"454","2015-03-30",220,"184~283","重度污染",148.2,337.7,29.2,1.397,62.6,157,353
"455","2015-03-31",200,"97~229","中度污染",151.8,191.2,21,2.325,53.8,98,345
"456","2015-04-01",82,"44~116","良",58.6,78.2,4.5,0.721,48.8,83,240
"457","2015-04-02",55,"40~74","良",35.1,18.6,3.6,0.699,25.8,103,171
"458","2015-04-03",50,"34~91","良",28.2,40.3,3.6,0.568,26.9,123,117
"459","2015-04-04",85,"49~137","良",62.3,74.9,4.7,0.636,36.1,146,238
"460","2015-04-05",92,"39~165","良",53,98.5,2.9,0.462,29.5,94,222
"461","2015-04-06",41,"34~60","优",20.5,32.4,2.2,0.289,13.5,80,98
"462","2015-04-07",44,"26~81","优",23,39.4,3.6,0.348,22.7,94,127
"463","2015-04-08",127,"86~189","轻度污染",95.6,122.7,12.4,0.844,48.8,112,347
"464","2015-04-09",210,"174~267","重度污染",161.7,189.9,16.6,1.192,58.9,135,365
"465","2015-04-10",192,"85~264","中度污染",150.1,185.5,9,1.071,61.9,156,344
"466","2015-04-11",183,"48~265","中度污染",141.4,76.5,16.3,1.747,46.4,150,337
"467","2015-04-12",40,"31~59","优",11.9,26.1,2,0.264,12,88,40
"468","2015-04-13",53,"43~75","良",26.4,38.8,2.8,0.374,22.3,131,100
"469","2015-04-14",76,"60~89","良",54.1,83.8,5.3,0.705,54.4,137,194
"470","2015-04-15",215,"86~500","重度污染",108.7,286,14.1,0.939,70,120,311
"471","2015-04-16",106,"42~440","轻度污染",25.7,132,3,0.235,13.4,100,125
"472","2015-04-17",114,"92~154","轻度污染",67.3,173.1,16,0.67,54.8,120,256
"473","2015-04-18",181,"138~238","中度污染",137.7,272.5,26.9,1.497,88.7,116,351
"474","2015-04-19",94,"65~148","良",59.8,132.5,5.6,0.608,29.9,107,279
"475","2015-04-20",93,"52~149","良",66.6,112.4,6.7,0.781,43.2,133,291
"476","2015-04-21",101,"46~179","轻度污染",62.7,129.1,8,0.642,43.8,116,276
"477","2015-04-22",77,"55~93","良",43.2,100.2,8.2,0.61,48.8,154,232
"478","2015-04-23",84,"57~122","良",54.2,107.7,10.6,0.618,49.1,115,212
"479","2015-04-24",104,"83~120","轻度污染",51.9,155.2,7.3,0.626,47.4,150,289
"480","2015-04-25",109,"85~127","轻度污染",71.6,158.2,12.4,0.832,64,187,277
"481","2015-04-26",145,"111~202","轻度污染",98.3,181.8,19.8,0.969,52.8,252,335
"482","2015-04-27",116,"60~157","轻度污染",81.2,133.8,12.2,0.899,45.9,214,289
"483","2015-04-28",64,"43~99","良",43.5,68,5.1,0.711,38.8,154,137
"484","2015-04-29",152,"117~191","中度污染",115,135.6,10.8,1.324,48,217,341
"485","2015-04-30",160,"113~214","中度污染",114.2,146.1,11.3,1.067,43.4,226,341
"486","2015-05-01",163,"42~246","中度污染",125.4,140.5,12.9,1.062,45.1,122,264
"487","2015-05-02",67,"49~89","良",45.3,68,2.5,0.557,29.7,162,230
"488","2015-05-03",84,"44~185","良",40.3,93.8,2,0.411,23.6,107,193
"489","2015-05-04",57,"35~97","良",22.7,64.8,4.5,0.3,20.3,131,144
"490","2015-05-05",75,"45~103","良",43.4,93.7,7.5,0.477,36.9,115,203
"491","2015-05-06",60,"38~93","良",19,70.1,3.3,0.308,23.7,112,117
"492","2015-05-07",91,"74~101","良",41.5,128.8,6.2,0.55,36.6,140,239
"493","2015-05-08",89,"59~124","良",52.3,115.2,11.2,1.008,36.8,129,276
"494","2015-05-09",57,"35~120","良",39.2,52,7,1.025,32.6,65,152
"495","2015-05-10",50,"39~72","良",34.3,34.9,4.4,1.313,45.5,45,112
"496","2015-05-11",43,"30~54","优",24.3,19.7,2.2,0.822,30.2,94,109
"497","2015-05-12",48,"32~93","优",19.5,44.3,2.2,0.51,40.9,109,103
"498","2015-05-13",95,"60~242","良",56.6,133.2,4,0.766,65.7,200,267
"499","2015-05-14",57,"38~148","良",19.5,61.7,4.6,0.347,29.4,118,118
"500","2015-05-15",48,"32~76","优",22.7,47.3,2.7,0.376,25.5,132,118
"501","2015-05-16",78,"44~118","良",46.4,95.9,8,0.672,42.9,198,219
"502","2015-05-17",168,"100~221","中度污染",126.4,182.2,15.2,1.153,42.8,192,345
"503","2015-05-18",97,"51~203","良",55.3,92.8,3.3,0.546,32.5,112,225
"504","2015-05-19",51,"37~85","良",11.3,49.1,2,0.266,16.1,96,117
"505","2015-05-20",46,"33~65","优",15.9,37.2,2.5,0.314,22,124,106
"506","2015-05-21",71,"53~100","良",33.3,83.8,5.9,0.51,42.8,168,232
"507","2015-05-22",104,"62~139","轻度污染",52,89.5,11.5,0.759,41.2,225,297
"508","2015-05-23",143,"100~180","轻度污染",94.6,139.2,15.9,0.987,53.1,265,337
"509","2015-05-24",170,"130~229","中度污染",114.9,164.4,16,1.205,56.1,266,352
"510","2015-05-25",156,"106~204","中度污染",101,165.6,23.8,1.151,46.8,311,332
"511","2015-05-26",144,"106~192","轻度污染",87.2,148.7,18.7,0.915,38.1,293,322
"512","2015-05-27",135,"104~163","轻度污染",91.8,141,11.3,0.857,33.3,229,310
"513","2015-05-28",158,"114~198","中度污染",116,151.2,23.2,1.16,36.1,215,337
"514","2015-05-29",95,"65~116","良",61.4,93.9,5.4,0.8,42.2,169,306
"515","2015-05-30",95,"54~138","良",54.2,90.3,6.3,0.752,39.4,229,303
"516","2015-05-31",103,"67~154","轻度污染",55,101.8,14.7,0.876,43.8,241,290
"517","2015-06-01",128,"99~164","轻度污染",87.6,166,14.1,0.996,46.4,263,316
"518","2015-06-02",64,"38~150","良",29.9,62.7,4.5,0.539,25.7,105,187
"519","2015-06-03",80,"56~163","良",32.2,100.8,6.2,0.517,35.8,147,294
"520","2015-06-04",81,"64~92","良",50.5,89.5,6.6,3.42,54.6,84,301
"521","2015-06-05",72,"60~81","良",48.5,51.9,5.2,6.817,45,117,278
"522","2015-06-06",69,"42~90","良",25,61.5,3,5.008,31.7,176,184
"523","2015-06-07",43,"29~57","优",13.8,32.1,3.6,2.594,30,91,103
"524","2015-06-08",43,"25~71","优",18.2,34.8,3.7,0.45,35.2,121,115
"525","2015-06-09",82,"51~135","良",48.6,86.5,14.9,1.071,49.2,239,237
"526","2015-06-10",103,"74~165","轻度污染",75.2,73.6,4,1.127,33.6,132,299
"527","2015-06-11",43,"23~89","优",20.1,25.2,2.5,0.562,21.4,95,101
"528","2015-06-12",36,"19~53","优",7.8,22.2,3.2,0.405,21.8,96,49
"529","2015-06-13",47,"34~66","优",11.2,26.9,3,0.443,18.2,128,119
"530","2015-06-14",57,"23~100","良",19.1,37,3.3,0.495,29,170,154
"531","2015-06-15",131,"89~167","轻度污染",84.9,120.8,15.1,1.237,39.5,254,335
"532","2015-06-16",160,"115~200","中度污染",104.3,143.6,11.9,1.164,50.2,280,352
"533","2015-06-17",80,"49~128","良",42,67.2,2.6,0.756,35.9,178,248
"534","2015-06-18",46,"23~71","优",19.1,32.1,2.2,0.48,27.7,107,122
"535","2015-06-19",36,"22~53","优",14.1,33.4,2.4,0.498,24.4,88,63
"536","2015-06-20",52,"27~104","良",22.6,39.3,2.3,0.621,37,172,138
"537","2015-06-21",94,"66~139","良",41,73.4,4.7,0.616,39.4,215,285
"538","2015-06-22",137,"99~171","轻度污染",89.9,117.2,16.4,1.087,38.4,241,344
"539","2015-06-23",234,"154~317","重度污染",181.2,178,15,1.661,39,269,362
"540","2015-06-24",161,"128~222","中度污染",121.4,123.2,9.3,1.117,43.1,152,359
"541","2015-06-25",165,"126~216","中度污染",124.6,111.4,6.1,1.049,50.5,138,362
"542","2015-06-26",146,"111~172","轻度污染",105.9,22.8,2,0.889,24,219,357
"543","2015-06-27",125,"46~207","轻度污染",88.5,51.4,4,0.831,32.3,217,303
"544","2015-06-28",193,"132~244","中度污染",147.7,57,7.9,1.216,34.1,230,359
"545","2015-06-29",154,"28~257","中度污染",118,39.1,5,1.095,41.5,112,245
"546","2015-06-30",33,"14~53","优",14.6,20.2,2,0.376,26.8,112,79
"547","2015-07-01",42,"26~73","优",17.8,38.3,2.6,0.424,33.7,93,121
"548","2015-07-02",32,"18~47","优",8.3,19.8,4,0.327,27.6,99,51
"549","2015-07-03",73,"40~118","良",24.2,59.5,10.8,0.944,33.7,206,232
"550","2015-07-04",62,"46~93","良",32.5,59,5.8,0.722,44.7,108,216
"551","2015-07-05",106,"75~161","轻度污染",62.1,71.4,9.4,0.992,36.5,253,331
"552","2015-07-06",119,"89~157","轻度污染",68.8,75.8,10.1,1.102,33.1,247,343
"553","2015-07-07",117,"76~161","轻度污染",67.3,86.1,7.4,0.884,32.3,239,335
"554","2015-07-08",175,"110~233","中度污染",124.7,132.1,8.1,1.134,34.8,252,353
"555","2015-07-09",128,"92~173","轻度污染",72.3,92.5,10.5,0.827,37,260,338
"556","2015-07-10",97,"61~147","良",49.9,82.1,8.6,0.682,32.2,228,299
"557","2015-07-11",148,"88~192","轻度污染",102.7,125.6,9.9,1.054,34.9,275,352
"558","2015-07-12",171,"118~215","中度污染",107.6,158.4,5.1,0.922,46.1,323,356
"559","2015-07-13",112,"60~177","轻度污染",49.3,83.7,2.7,0.622,43,280,286
"560","2015-07-14",104,"62~149","轻度污染",35,65.1,4.4,0.595,30.3,240,268
"561","2015-07-15",63,"47~86","良",34.5,61.7,3.1,0.621,46.6,140,190
"562","2015-07-16",55,"43~72","良",36.6,47.2,2,0.671,29.1,102,153
"563","2015-07-17",50,"26~98","优",35.1,43,2.4,0.764,31.6,118,126
"564","2015-07-18",71,"45~110","良",47.1,30.5,2,0.778,25.8,165,246
"565","2015-07-19",91,"61~141","良",66.4,32.5,2,0.872,31.7,139,301
"566","2015-07-20",112,"88~166","轻度污染",84.2,46.7,2,0.89,31.7,166,341
"567","2015-07-21",177,"74~233","中度污染",135.4,71.4,2,1.071,33.9,169,353
"568","2015-07-22",88,"25~119","良",63.3,36.6,2.5,0.72,34.6,200,290
"569","2015-07-23",57,"28~92","良",39.9,38,2,0.784,46.3,176,224
"570","2015-07-24",71,"52~105","良",48.7,74.3,2.6,0.863,47.2,210,285
"571","2015-07-25",118,"85~165","轻度污染",87.1,102.3,3.2,0.996,39.6,251,347
"572","2015-07-26",143,"98~190","轻度污染",105.9,125,3.8,0.997,32.5,246,349
"573","2015-07-27",104,"39~153","轻度污染",77.5,100.4,2.6,0.908,34.4,235,305
"574","2015-07-28",73,"45~111","良",49.9,39.5,2.3,0.765,28.3,222,278
"575","2015-07-29",116,"68~159","轻度污染",87.3,96.9,2,0.94,36.5,219,348
"576","2015-07-30",62,"26~112","良",44.2,49.2,2.4,0.911,27.6,117,228
"577","2015-07-31",40,"25~62","优",25.2,31.8,2.1,0.657,25.2,158,152
"578","2015-08-01",91,"60~117","良",67.6,79.7,3,1.299,46.9,103,331
"579","2015-08-02",97,"62~137","良",72.3,59.7,2,1.191,27.5,212,327
"580","2015-08-03",93,"16~169","良",67.5,45.5,3.7,1.148,32.2,93,250
"581","2015-08-04",49,"14~84","优",18.5,46.9,3.7,0.51,31.9,187,187
"582","2015-08-05",90,"37~127","良",65.9,100.7,3.4,0.993,42.2,192,318
"583","2015-08-06",79,"29~156","良",55,80,2.3,0.774,29.7,206,214
"584","2015-08-07",123,"33~168","轻度污染",92.5,108.3,3.8,1.083,33.5,192,324
"585","2015-08-08",60,"33~100","良",38.3,53,3.3,0.698,33.2,200,220
"586","2015-08-09",87,"55~126","良",53.7,79.8,2.8,0.791,36.7,251,318
"587","2015-08-10",72,"40~102","良",42.1,71.1,2.3,0.719,39.9,183,304
"588","2015-08-11",130,"93~155","轻度污染",91.3,123.7,6.1,1.421,36.4,290,354
"589","2015-08-12",117,"90~137","轻度污染",79.8,124.6,3.8,1.051,35.7,241,342
"590","2015-08-13",158,"137~190","中度污染",120.2,162.2,7.3,1.248,40.8,315,355
"591","2015-08-14",87,"32~173","良",60,91.9,3.8,0.817,33.8,123,234
"592","2015-08-15",52,"30~81","良",23.5,51.7,3.5,0.573,36,147,184
"593","2015-08-16",89,"46~158","良",35.6,86.2,5.8,0.718,40.9,316,257
"594","2015-08-17",117,"84~172","轻度污染",79.8,158.9,8.3,1.021,41,227,313
"595","2015-08-18",74,"40~115","良",49.5,84.3,3.1,0.762,34,188,226
"596","2015-08-19",72,"57~89","良",50.9,63.7,2.2,0.757,37.4,191,286
"597","2015-08-20",55,"35~75","良",33.7,54.3,2.3,0.619,26.3,172,231
"598","2015-08-21",38,"20~61","优",13.3,33.2,2.3,0.432,23.8,160,99
"599","2015-08-22",35,"14~80","优",15.3,33,3.4,0.584,21.3,110,77
"600","2015-08-23",38,"20~87","优",23.4,34.9,4,0.813,22.8,136,97
"601","2015-08-24",29,"15~48","优",12.8,23.2,2,0.466,20.9,119,57
"602","2015-08-25",30,"19~44","优",14.3,24.1,2,0.459,23.1,106,51
"603","2015-08-26",30,"19~50","优",11.7,22.4,2,0.436,22.7,121,46
"604","2015-08-27",29,"13~44","优",11.3,26.3,2,0.441,24.3,130,46
"605","2015-08-28",37,"16~74","优",15.7,32.4,3,0.467,25.3,133,91
"606","2015-08-29",55,"29~104","良",27,47.9,2.1,0.601,21.5,207,177
"607","2015-08-30",41,"28~58","优",27.8,37,2.6,0.955,25.1,103,105
"608","2015-08-31",39,"22~57","优",26.5,26.8,2,0.71,25.5,77,105
"609","2015-09-01",19,"13~31","优",10.5,13.8,2,0.525,19.5,68,21
"610","2015-09-02",23,"12~33","优",9.4,15.7,2.2,0.436,19.1,93,40
"611","2015-09-03",33,"16~55","优",14.5,26.1,2,0.472,19.5,142,99
"612","2015-09-04",85,"35~500","良",46.8,79.1,2.9,1.499,26.3,90,266
"613","2015-09-05",28,"25~33","优",18,11.7,2,0.668,22.4,91,60
"614","2015-09-06",33,"18~57","优",17.1,28.6,2.2,0.521,29,129,99
"615","2015-09-07",45,"33~61","优",24.3,42.8,2.3,0.657,37.5,161,147
"616","2015-09-08",73,"62~90","良",50.8,80,6.4,0.875,51.8,175,287
"617","2015-09-09",50,"13~95","良",34.9,51.8,2.8,0.72,42,103,167
"618","2015-09-10",16,"12~28","优",8.3,13.1,2,0.42,28.5,37,12
"619","2015-09-11",21,"12~45","优",8.3,14.1,2.2,0.384,25.2,76,29
"620","2015-09-12",25,"12~54","优",8.4,19.9,2.3,0.359,26.8,76,53
"621","2015-09-13",47,"26~69","优",19.1,49.8,3.2,0.556,44.5,127,139
"622","2015-09-14",91,"64~135","良",64.9,104.1,10.5,0.868,57.5,177,311
"623","2015-09-15",137,"110~160","轻度污染",104.2,129.7,14.3,1.16,59.8,234,359
"624","2015-09-16",169,"129~206","中度污染",127.9,140.2,8.4,1.247,62.5,212,361
"625","2015-09-17",196,"153~222","中度污染",148.9,164.9,9.7,1.3,65.7,210,362
"626","2015-09-18",110,"35~255","轻度污染",80.4,54.1,3.3,0.91,49.3,112,234
"627","2015-09-19",35,"24~51","优",16.6,34.5,2,0.499,50.4,55,68
"628","2015-09-20",109,"92~134","轻度污染",81.8,101.6,11.9,0.963,43.8,177,335
"629","2015-09-21",131,"108~156","轻度污染",99.2,131.3,16.8,1.22,66.8,210,342
"630","2015-09-22",181,"49~259","中度污染",139.7,135.5,11.3,1.5,62,132,327
"631","2015-09-23",45,"25~80","优",30.6,38,2,0.71,44,120,149
"632","2015-09-24",132,"35~251","轻度污染",100.1,108.5,4.3,1.186,55.3,162,296
"633","2015-09-25",40,"24~61","优",20.8,27.3,2.5,0.554,37.3,79,118
"634","2015-09-26",57,"23~88","良",32.4,68.5,6.3,0.665,47.6,154,207
"635","2015-09-27",74,"37~99","良",49.9,82.8,3.7,0.793,59.1,129,252
"636","2015-09-28",66,"35~102","良",46.8,48.5,3.9,1.203,46.1,80,245
"637","2015-09-29",64,"33~94","良",46,30.7,2.8,1.155,46,25,229
"638","2015-09-30",42,"30~54","优",29,16.9,2.4,0.689,38.5,64,141
"639","2015-10-01",31,"14~58","优",13.7,22.9,2,0.345,24.1,70,75
"640","2015-10-02",58,"44~89","良",29,66.5,3.4,0.613,46.9,108,150
"641","2015-10-03",55,"20~87","良",26.7,66,3.8,0.664,48.4,104,141
"642","2015-10-04",142,"72~257","轻度污染",108.7,146.8,9.5,1.292,76.1,180,292
"643","2015-10-05",266,"200~354","重度污染",216.4,217.4,9,1.721,80.1,225,356
"644","2015-10-06",346,"298~449","严重污染",293.2,189.7,7.6,1.981,83,248,363
"645","2015-10-07",316,"18~393","严重污染",269.9,96.9,7.5,1.839,78.8,169,338
"646","2015-10-08",28,"15~54","优",10.4,26.3,2.2,0.3,21.3,67,58
"647","2015-10-09",40,"14~61","优",16.6,42.2,2.5,0.382,30.4,70,118
"648","2015-10-10",22,"12~32","优",8.4,21.5,2.1,0.264,15.7,57,35
"649","2015-10-11",26,"16~39","优",10.2,24.8,2.2,0.303,20.1,79,52
"650","2015-10-12",39,"20~67","优",16.8,40.7,3,0.467,46.3,88,72
"651","2015-10-13",58,"23~107","良",32.6,67.8,5.5,0.738,65.7,100,111
"652","2015-10-14",129,"102~175","轻度污染",97.4,135.5,15.5,1.911,93.8,96,288
"653","2015-10-15",143,"113~204","轻度污染",108,132.9,9.1,1.466,91,166,297
"654","2015-10-16",244,"138~357","重度污染",197.7,218.5,12.8,2.007,110.4,210,335
"655","2015-10-17",345,"309~382","严重污染",295.3,181,13.3,2.482,120.4,131,365
"656","2015-10-18",80,"19~329","良",56.3,42,6.9,0.836,44.4,53,154
"657","2015-10-19",81,"42~134","良",54,99.2,6.7,0.818,58.4,66,185
"658","2015-10-20",103,"76~134","轻度污染",75.9,113.3,8.5,1.408,67,26,248
"659","2015-10-21",70,"50~100","良",50.8,37.6,2.5,0.936,40.8,29,156
"660","2015-10-22",46,"23~98","优",31,35.5,2.2,0.722,42.8,30,71
"661","2015-10-23",72,"52~114","良",51.9,63.6,2.5,0.844,52.4,63,145
"662","2015-10-24",79,"53~110","良",56.6,75.8,5.7,1.057,52.8,65,190
"663","2015-10-25",59,"47~84","良",36.7,67.5,9.7,0.934,60,31,156
"664","2015-10-26",60,"40~90","良",29.5,48.4,2.1,0.485,30.7,55,161
"665","2015-10-27",45,"24~67","优",15.4,48.1,2.8,0.463,36.5,58,116
"666","2015-10-28",22,"12~35","优",7.8,20.6,2.8,0.304,24.1,62,15
"667","2015-10-29",23,"14~34","优",7.4,22.2,2.5,0.292,19.4,63,28
"668","2015-10-30",44,"22~74","优",23.5,48.2,3.8,0.614,44.4,55,127
"669","2015-10-31",61,"32~115","良",41.2,69,4.7,0.844,57.2,57,208
"670","2015-11-01",96,"54~149","良",71.4,100,7.2,1.01,77.5,57,271
"671","2015-11-02",103,"62~152","轻度污染",77.1,111.8,7.6,1.36,77.8,66,255
"672","2015-11-03",191,"152~255","中度污染",147.2,177.8,15.4,1.918,88.9,101,333
"673","2015-11-04",254,"210~304","重度污染",204.2,215.6,14.1,1.968,107.6,47,361
"674","2015-11-05",150,"28~297","轻度污染",119,24.6,6.6,1.07,56.5,30,217
"675","2015-11-06",28,"20~36","优",19.3,2.3,2.2,0.521,28.5,41,69
"676","2015-11-07",27,"18~36","优",18.9,9.9,2.2,0.548,28.4,43,56
"677","2015-11-08",78,"38~127","良",56.9,48,2.8,0.852,45.4,41,210
"678","2015-11-09",164,"124~195","中度污染",124.4,120.3,3.5,1.587,56.8,12,333
"679","2015-11-10",174,"152~201","中度污染",131.2,78.7,3.8,1.566,54.7,5,338
"680","2015-11-11",139,"85~201","轻度污染",105.4,30.3,4.4,1.869,55,18,299
"681","2015-11-12",197,"128~261","中度污染",153.5,88,5.8,2.458,59.4,4,327
"682","2015-11-13",257,"220~280","重度污染",206.7,156.8,14.4,3.045,69.3,5,359
"683","2015-11-14",322,"273~394","严重污染",272,184.4,17.3,3.57,82.4,16,363
"684","2015-11-15",254,"84~342","重度污染",206,147.5,13.3,3.323,71.1,55,354
"685","2015-11-16",79,"62~104","良",57.4,43,9.7,1.461,51.8,23,249
"686","2015-11-17",83,"32~117","良",60.9,82.5,7.1,1.533,45.1,29,268
"687","2015-11-18",90,"62~124","良",66.4,77.5,7.4,1.134,44.8,13,317
"688","2015-11-19",103,"68~124","轻度污染",77.3,19.8,3.5,1.614,45,3,311
"689","2015-11-20",89,"57~123","良",65.6,0,8.7,2.336,43.1,3,263
"690","2015-11-21",58,"40~90","良",41.2,5,7.2,2.136,40.9,5,169
"691","2015-11-22",71,"52~109","良",51.2,1.8,6.9,1.051,38.7,35,274
"692","2015-11-23",42,"26~66","优",28,18.2,10.3,0.741,28.7,57,148
"693","2015-11-24",55,"18~109","良",39.4,32.9,7.5,0.952,47.1,46,212
"694","2015-11-25",72,"17~124","良",52.2,16.3,9.8,1.135,39,54,210
"695","2015-11-26",48,"15~160","优",32.8,41.1,10.4,0.792,34.5,59,110
"696","2015-11-27",256,"170~347","重度污染",206.8,189,35.6,2.802,91.6,18,360
"697","2015-11-28",310,"251~357","严重污染",260.3,249.7,43.1,3.892,102.5,19,361
"698","2015-11-29",300,"192~367","严重污染",250.2,287.3,40.1,4.874,107.5,31,350
"699","2015-11-30",356,"74~500","严重污染",334,346.7,22.7,5.752,121.7,11,331
"700","2015-12-01",473,"374~500","严重污染",477.5,451.4,36.2,8.141,136.5,7,365
"701","2015-12-02",32,"12~185","优",14.8,22.5,3.7,0.438,18.3,51,43
"702","2015-12-03",25,"13~45","优",10,24.5,4.6,0.386,15.6,50,33
"703","2015-12-04",41,"11~132","优",26.9,40.5,10.5,0.798,39.9,55,82
"704","2015-12-05",70,"34~138","良",49.2,70.5,17.1,1.424,61.3,54,196
"705","2015-12-06",166,"90~241","中度污染",127.3,150.1,31.2,2.785,86.5,14,314
"706","2015-12-07",229,"203~259","重度污染",178.6,197.2,37.5,3.423,93.3,10,335
"707","2015-12-08",293,"248~319","重度污染",243.2,244.3,20,4.376,91.8,9,347
"708","2015-12-09",295,"261~339","重度污染",245.3,9.9,32.2,3.663,93.9,13,345
"709","2015-12-10",134,"21~312","轻度污染",105.7,3.3,15.8,1.909,53.4,65,175
"710","2015-12-11",64,"30~140","良",43.6,54.7,14.1,1.317,59,41,146
"711","2015-12-12",159,"70~309","中度污染",124.9,152.7,22.3,2.7,85,17,283
"712","2015-12-13",221,"102~344","重度污染",177.3,204.9,39,3.89,97.8,17,325
"713","2015-12-14",206,"20~328","重度污染",167.7,47,16.9,2.888,78.8,50,269
"714","2015-12-15",17,"14~20","优",7.6,11.1,3.6,0.411,15.8,58,6
"715","2015-12-16",15,"12~19","优",7.1,12.4,4.1,0.444,17.6,45,4
"716","2015-12-17",79,"20~182","良",57.7,73.9,17.7,1.483,59.9,30,201
"717","2015-12-18",84,"36~172","良",59.4,85.3,17.3,1.735,63.7,46,174
"718","2015-12-19",163,"120~216","中度污染",123.5,150.1,29,2.939,86.3,15,306
"719","2015-12-20",245,"208~321","重度污染",195.3,205,27.4,3.596,100.9,14,335
"720","2015-12-21",278,"222~382","重度污染",228.2,235.1,22.4,4.081,102.9,16,317
"721","2015-12-22",337,"213~448","严重污染",294.3,300.8,29.5,5.229,103.4,11,334
"722","2015-12-23",316,"132~428","严重污染",269.8,297.6,21.1,5.008,105.8,51,312
"723","2015-12-24",157,"57~433","中度污染",124.2,142.1,17.6,2.362,76.4,56,234
"724","2015-12-25",475,"445~500","严重污染",476.7,480.8,12.6,7.178,140.2,11,364
"725","2015-12-26",326,"171~473","严重污染",282,380,9.2,5.154,105.8,15,355
"726","2015-12-27",64,"25~118","良",46.5,31.1,12.2,1.103,52.6,23,154
"727","2015-12-28",141,"98~272","轻度污染",108,118.2,22.3,2.306,77.8,21,282
"728","2015-12-29",316,"238~472","严重污染",271.3,308.6,34.2,4.293,117.7,12,353
"729","2015-12-30",119,"20~446","轻度污染",93.9,94.7,12,1.718,58,65,135
"730","2015-12-31",88,"42~225","良",59.6,86,15.5,1.703,69.7,29,134
"731","2016-01-01",216,"134~329","重度污染",171,189,33,3.331,104.8,18,305
"732","2016-01-02",306,"236~447","严重污染",258.7,273.5,35.2,4.516,123,27,344
"733","2016-01-03",300,"210~465","重度污染",254.6,295.9,20.4,3.64,86.5,31,323
"734","2016-01-04",62,"18~294","良",46.3,23,6.3,1.015,35.3,64,63
"735","2016-01-05",46,"13~114","优",31.6,43.2,10.6,0.861,36.2,52,96
"736","2016-01-06",46,"26~105","优",27.4,49.5,10.6,1,37.1,61,92
"737","2016-01-07",21,"13~27","优",12.3,20.6,6.4,0.546,27.6,58,11
"738","2016-01-08",57,"18~148","良",39.4,54.5,14,0.984,46.5,59,93
"739","2016-01-09",100,"43~208","良",72.3,98.5,22.5,1.842,72.5,32,175
"740","2016-01-10",76,"28~180","良",51.1,84.5,21.6,1.577,58,43,148
"741","2016-01-11",23,"17~34","优",11.3,22.1,5.8,0.563,24.6,64,29
"742","2016-01-12",28,"15~40","优",13.4,27.3,7.5,0.656,29.3,58,32
"743","2016-01-13",43,"19~69","优",25.1,45,13.3,0.934,47.2,60,73
"744","2016-01-14",94,"59~150","良",70,93.8,26.2,1.834,71.7,53,201
"745","2016-01-15",127,"74~250","轻度污染",95.9,122.8,33.7,2.579,83.9,33,244
"746","2016-01-16",164,"129~255","中度污染",125.3,142.7,44.9,2.556,72.3,21,288
"747","2016-01-17",61,"22~198","良",41.9,42.3,9.5,0.904,30.8,71,102
"748","2016-01-18",42,"22~65","优",9.8,43.9,4.2,0.54,17.4,63,78
"749","2016-01-19",82,"38~140","良",58,84.3,21.6,1.58,60.4,40,170
"750","2016-01-20",151,"119~199","中度污染",114.4,139.5,54.9,3.327,78.4,16,325
"751","2016-01-21",175,"144~200","中度污染",132.1,148.2,29,2.769,68.9,17,340
"752","2016-01-22",45,"23~195","优",18.1,36.4,5.5,0.663,18,67,113
"753","2016-01-23",39,"16~70","优",9.1,41.5,4,0.607,13.1,63,117
"754","2016-01-24",49,"38~57","优",12.1,49.9,6,0.613,22.5,64,127
"755","2016-01-25",47,"28~69","优",27.4,47.5,16.4,0.829,42.4,52,84
"756","2016-01-26",57,"32~132","良",32.1,57.4,17.3,0.767,35.7,64,101
"757","2016-01-27",126,"59~227","轻度污染",94.6,104.3,36.9,2.112,76.8,35,241
"758","2016-01-28",161,"85~246","中度污染",123.3,134.1,44.8,2.401,80.9,53,296
"759","2016-01-29",88,"64~169","良",64.7,83.3,36.3,1.811,56.1,36,219
"760","2016-01-30",71,"24~113","良",51.4,60.3,22,1.305,49.6,48,178
"761","2016-01-31",30,"14~88","优",18,27.8,9.5,0.598,29.3,70,49
"762","2016-02-01",24,"17~31","优",13.3,22.2,9.1,0.588,31.8,72,46
"763","2016-02-02",40,"20~97","优",28.3,34.6,15.3,0.895,48,60,60
"764","2016-02-03",52,"30~79","良",35.7,46.8,19.1,1.215,56.5,56,58
"765","2016-02-04",25,"16~52","优",12.9,23.8,7.8,0.48,23.9,78,13
"766","2016-02-05",32,"19~52","优",9.8,31.1,5.7,0.373,16.4,78,42
"767","2016-02-06",42,"18~100","优",28,39.6,12.8,0.729,33.8,82,81
"768","2016-02-07",67,"44~189","良",42.7,69.3,19.8,0.931,37.2,82,118
"769","2016-02-08",201,"22~500","重度污染",200.6,262.1,57,1.057,38.5,77,150
"770","2016-02-09",57,"29~105","良",40.8,48.8,19.2,1.065,39.7,103,102
"771","2016-02-10",124,"92~211","轻度污染",93.5,96.5,47.8,2.453,63.6,58,274
"772","2016-02-11",203,"166~228","重度污染",154.2,167.4,44.7,3.107,69.7,24,334
"773","2016-02-12",192,"69~260","中度污染",147.7,99.4,18.8,2.219,55.8,58,313
"774","2016-02-13",22,"17~46","优",10.4,9,5,0.343,12.1,69,24
"775","2016-02-14",23,"17~33","优",7.4,14.7,3.5,0.348,11,72,42
"776","2016-02-15",39,"18~83","优",7.5,43.9,3.6,0.33,14,75,144
"777","2016-02-16",37,"24~56","优",7.4,37.3,5,0.321,16.7,77,101
"778","2016-02-17",61,"19~100","良",43.5,48.8,15.6,1.045,47,87,188
"779","2016-02-18",36,"24~80","优",15.8,31.5,5.8,0.43,23.4,88,32
"780","2016-02-19",32,"20~75","优",15,31.6,5.5,0.514,26.9,84,26
"781","2016-02-20",27,"17~59","优",14.8,21.2,5.9,0.433,20.2,82,21
"782","2016-02-21",103,"54~178","轻度污染",77,97.1,25.1,1.433,55.8,69,228
"783","2016-02-22",104,"36~182","轻度污染",72.2,91.2,17.1,1.169,43,85,210
"784","2016-02-23",24,"19~35","优",11.2,19.2,5.1,0.357,16.5,84,33
"785","2016-02-24",49,"23~69","优",26.2,46,9.9,0.764,35.4,84,115
"786","2016-02-25",43,"26~59","优",24.3,43.8,9.9,0.726,35.7,65,71
"787","2016-02-26",52,"16~103","良",35.3,56.8,13.3,0.762,39.4,79,125
"788","2016-02-27",32,"15~62","优",21.2,31,8.9,0.592,35.9,77,34
"789","2016-02-28",55,"22~98","良",32.3,50.6,7.8,0.794,35,82,121
"790","2016-02-29",45,"16~97","优",31.9,41.6,11.4,0.672,40.1,66,103
"791","2016-03-01",152,"99~234","中度污染",115.8,127.1,30,1.872,82.7,61,341
"792","2016-03-02",209,"130~254","重度污染",162,182,31.6,2.531,108.6,94,348
"793","2016-03-03",322,"209~417","严重污染",273.1,282.2,45.9,3.474,118.7,70,359
"794","2016-03-04",374,"181~418","严重污染",325.5,280.7,48.2,4.438,117.3,45,349
"795","2016-03-05",206,"104~500","重度污染",60.6,306.3,3.1,0.388,21.7,82,265
"796","2016-03-06",114,"61~177","轻度污染",70.5,177.6,26.3,1.499,67.9,39,192
"797","2016-03-07",69,"29~150","良",36.6,91.4,11,0.932,32.1,88,115
"798","2016-03-08",26,"20~38","优",10.1,24,2.9,0.364,15.3,81,35
"799","2016-03-09",26,"15~48","优",10.1,22.5,3.7,0.364,16.6,77,60
"800","2016-03-10",44,"21~70","优",10.7,47.6,3.7,0.359,16.8,79,165
"801","2016-03-11",46,"22~75","优",21.8,49.5,7.4,0.576,34.1,80,103
"802","2016-03-12",141,"79~210","轻度污染",106.5,134,39.1,1.778,80.1,52,323
"803","2016-03-13",52,"26~204","良",32.6,48.2,9.8,0.682,34.3,97,96
"804","2016-03-14",102,"56~135","轻度污染",76,114,20.3,1.295,63.7,100,243
"805","2016-03-15",178,"124~251","中度污染",137.3,189.9,46.9,1.567,77,65,330
"806","2016-03-16",296,"248~368","重度污染",245.7,275.3,38.3,2.221,89.4,158,359
"807","2016-03-17",335,"298~393","严重污染",285.3,288.4,31.3,2.254,100.8,140,356
"808","2016-03-18",228,"29~406","重度污染",191.8,131.2,13.3,1.535,69.6,126,246
"809","2016-03-19",92,"29~200","良",63.8,111,17,1.023,43,81,180
"810","2016-03-20",87,"52~129","良",63.8,103,10,0.997,60.9,99,186
"811","2016-03-21",160,"135~203","中度污染",121.4,177.4,20.3,1.236,79.8,136,343
"812","2016-03-22",156,"109~221","中度污染",108,205,25.9,1.403,75.5,60,339
"813","2016-03-23",38,"18~112","优",18.4,41.4,4,0.496,27.2,92,86
"814","2016-03-24",28,"15~55","优",12.5,24,3.2,0.42,30.5,92,42
"815","2016-03-25",35,"18~63","优",16.3,33.1,4.1,0.451,35.6,99,44
"816","2016-03-26",31,"16~56","优",12.5,30.3,4,0.393,27.8,96,22
"817","2016-03-27",40,"22~78","优",15.3,41.5,4.1,0.381,35,112,51
"818","2016-03-28",143,"79~478","轻度污染",73,192.5,16.3,0.82,68.3,88,301
"819","2016-03-29",59,"21~103","良",18.4,72,5,0.39,30.9,103,111
"820","2016-03-30",56,"21~105","良",27.6,71,8.4,0.553,40.3,110,114
"821","2016-03-31",197,"105~291","中度污染",149.9,236,32.8,1.445,74.6,147,344
"822","2016-04-01",102,"22~414","轻度污染",39.4,139.4,6.1,0.422,27,90,169
"823","2016-04-02",29,"19~52","优",8.4,27.8,3,0.247,16.5,91,27
"824","2016-04-03",47,"23~72","优",18.2,50.7,3,0.301,24.9,99,140
"825","2016-04-04",99,"69~147","良",72.3,110.9,11.5,0.606,48.7,140,318
"826","2016-04-05",151,"65~220","中度污染",115,153.2,18.3,0.981,52,168,339
"827","2016-04-06",175,"63~282","中度污染",137.5,170.3,30.7,1.972,68.7,115,322
"828","2016-04-07",134,"26~282","轻度污染",89.6,139.2,4.7,1.092,46.6,96,239
"829","2016-04-08",63,"24~127","良",22.2,83.4,4.4,0.357,30.3,104,157
"830","2016-04-09",165,"84~403","中度污染",74.7,242.5,11,0.712,55.6,100,316
"831","2016-04-10",122,"100~157","轻度污染",52.5,193.4,13.5,0.776,42.4,108,320
"832","2016-04-11",75,"63~93","良",40.3,100.2,9.1,0.58,40.6,96,227
"833","2016-04-12",103,"78~127","轻度污染",77,77.5,6,0.765,57.4,91,297
"834","2016-04-13",165,"54~306","中度污染",123,151.4,6.7,0.981,66.1,128,288
"835","2016-04-14",72,"29~137","良",31.6,96.4,3.1,0.331,26.5,118,171
"836","2016-04-15",82,"51~124","良",57.3,99.3,16.1,1.015,59.8,120,224
"837","2016-04-16",62,"26~193","良",33.9,79.2,2.3,0.345,20.4,81,167
"838","2016-04-17",35,"26~51","优",15.8,32.9,2.2,0.29,15.9,95,68
"839","2016-04-18",36,"21~59","优",18.3,33.7,2.4,0.304,22.7,107,72
"840","2016-04-19",98,"61~127","良",72,101,19.5,1.301,65.4,50,315
"841","2016-04-20",91,"48~123","良",67.6,87.3,8.5,0.857,42.2,131,301
"842","2016-04-21",145,"83~253","轻度污染",99.6,160.4,7.2,0.977,60.7,139,318
"843","2016-04-22",78,"48~113","良",34.6,106,2,0.241,21.3,111,221
"844","2016-04-23",49,"29~82","优",21.8,54.9,3.2,0.32,29.9,109,150
"845","2016-04-24",116,"72~193","轻度污染",84.4,147.8,22.1,0.891,53.7,185,306
"846","2016-04-25",120,"82~186","轻度污染",88.6,141.9,13.9,0.724,33.8,187,323
"847","2016-04-26",102,"88~124","轻度污染",76.2,126.2,25.6,1.366,43.5,155,323
"848","2016-04-27",118,"100~162","轻度污染",89.4,107.1,9.8,1.082,61.5,104,339
"849","2016-04-28",113,"64~156","轻度污染",83.6,90.6,7,0.991,50.6,208,318
"850","2016-04-29",156,"54~265","中度污染",119.7,150,16.7,1.31,62.3,227,268
"851","2016-04-30",207,"124~275","重度污染",161.7,179,9.5,1.452,62.5,268,362
"852","2016-05-01",240,"102~292","重度污染",191.6,176.9,24.3,2.26,42.5,283,355
"853","2016-05-02",80,"52~174","良",50.5,100.5,2.5,0.525,20.1,103,258
"854","2016-05-03",56,"29~81","良",23.8,65.2,2.2,0.425,27.8,107,175
"855","2016-05-04",53,"38~72","良",28.5,57.8,3.8,0.541,49.5,141,115
"856","2016-05-05",92,"40~500","良",53.2,112.1,14.4,0.942,45.7,141,212
"857","2016-05-06",126,"28~500","轻度污染",64.7,196.4,2,0.225,13.3,97,146
"858","2016-05-07",45,"30~73","优",21.8,45,2.8,0.276,26.7,140,131
"859","2016-05-08",87,"61~129","良",60.9,108.1,15.6,0.738,45.5,171,308
"860","2016-05-09",56,"35~74","良",35.6,62.6,4.4,0.523,37.3,92,176
"861","2016-05-10",60,"39~99","良",40.6,66.4,3.6,0.544,36.9,172,197
"862","2016-05-11",191,"110~234","中度污染",146.3,173.3,12.6,1.086,35.8,188,350
"863","2016-05-12",62,"17~244","良",38.6,37.3,2.6,0.518,27,91,97
"864","2016-05-13",55,"40~64","良",32.3,60.8,5.7,0.602,43.4,146,151
"865","2016-05-14",58,"32~89","良",39.1,32.5,2.7,0.533,35.7,96,184
"866","2016-05-15",56,"22~94","良",35.6,23.9,2.3,0.521,35.8,93,194
"867","2016-05-16",53,"37~67","良",24,55.5,3.2,0.494,44.7,135,143
"868","2016-05-17",89,"63~130","良",56.2,103.4,11,0.613,51,259,280
"869","2016-05-18",90,"72~109","良",59.3,98.3,9,0.537,35,204,281
"870","2016-05-19",125,"99~153","轻度污染",85.8,112,14.9,0.769,38.5,255,343
"871","2016-05-20",124,"72~150","轻度污染",88.5,111.6,20.5,1.077,48.7,266,339
"872","2016-05-21",103,"63~130","轻度污染",69.3,87.3,18.1,0.866,45.7,260,330
"873","2016-05-22",81,"62~116","良",47.8,83.3,7.7,0.674,52.6,232,312
"874","2016-05-23",89,"20~129","良",65.4,93.8,15.5,0.982,48.5,176,287
"875","2016-05-24",44,"26~68","优",17.5,40.8,3.1,0.328,22.9,137,117
"876","2016-05-25",34,"24~54","优",11.8,28.2,3.1,0.319,22.7,128,80
"877","2016-05-26",53,"32~97","良",22.3,58.1,2.2,0.333,31,119,182
"878","2016-05-27",79,"55~117","良",48,106,12.5,0.638,50,198,287
"879","2016-05-28",81,"59~107","良",47.1,84.7,9.7,0.644,38.3,214,305
"880","2016-05-29",62,"27~109","良",33,68.9,4.6,0.462,29.7,178,211
"881","2016-05-30",116,"76~165","轻度污染",80.8,145.7,15.8,1.079,51,317,323
"882","2016-05-31",88,"68~128","良",49.4,112.6,11,0.862,36.3,136,283
"883","2016-06-01",63,"30~87","良",35.4,68.1,5.6,0.648,40.6,189,258
"884","2016-06-02",92,"60~120","良",54.1,86.7,8.7,0.746,51.8,239,327
"885","2016-06-03",110,"77~147","轻度污染",80.8,124.7,20.8,1.189,62,242,345
"886","2016-06-04",122,"98~166","轻度污染",86.7,122.6,16.1,0.864,37.2,258,357
"887","2016-06-05",102,"65~128","轻度污染",72,103,13.9,0.854,37.7,251,338
"888","2016-06-06",116,"64~166","轻度污染",85.8,107.5,7.8,0.88,33.9,274,330
"889","2016-06-07",81,"58~119","良",58.3,70.9,2.2,0.831,24.9,158,289
"890","2016-06-08",163,"113~242","中度污染",125.3,99.5,2.3,1.207,35.4,251,358
"891","2016-06-09",158,"73~232","中度污染",111.3,70.6,6.8,1.054,34.9,235,353
"892","2016-06-10",76,"24~139","良",53.4,41.1,2.3,0.664,20.2,239,252
"893","2016-06-11",33,"17~61","优",10.6,24.4,2.2,0.35,22,123,101
"894","2016-06-12",102,"0~137","轻度污染",66.9,77.7,6.7,0.972,34.1,225,335
"895","2016-06-13",65,"50~97","良",46.8,30.8,2.5,0.617,29,119,257
"896","2016-06-14",53,"30~79","良",36.2,16.2,2.1,0.602,25.4,103,182
"897","2016-06-15",38,"19~60","优",18.8,30.9,2.1,0.497,29.3,167,132
"898","2016-06-16",55,"41~84","良",25.4,53.7,2.2,0.564,46.8,187,207
"899","2016-06-17",52,"31~80","良",23.9,56.4,2.3,0.548,45.8,124,163
"900","2016-06-18",76,"53~112","良",40.5,71.8,4.1,0.682,45.8,223,268
"901","2016-06-19",99,"62~172","良",60.9,90.8,4.7,0.751,39.1,253,336
"902","2016-06-20",127,"72~220","轻度污染",89.8,111.3,5.4,1.02,28.3,254,352
"903","2016-06-21",120,"52~198","轻度污染",88,97.8,2.3,0.902,30.6,261,344
"904","2016-06-22",80,"48~124","良",54.6,75,2.3,0.73,32.1,247,293
"905","2016-06-23",108,"53~170","轻度污染",79.8,106.7,5.8,1.085,37.1,206,351
"906","2016-06-24",33,"18~56","优",14.9,30.1,2.2,0.617,30.6,97,135
"907","2016-06-25",35,"17~62","优",16.7,33.8,2.3,0.359,29,119,136
"908","2016-06-26",73,"55~120","良",40.6,75.7,5.2,0.515,42,240,278
"909","2016-06-27",82,"67~104","良",59.3,90,7,0.692,40.5,175,307
"910","2016-06-28",90,"0~147","良",67.1,28.9,2,0.643,30.6,92,294
"911","2016-06-29",146,"129~165","轻度污染",111.6,24.5,2,0.877,33,203,362
"912","2016-06-30",95,"73~129","良",62.8,42.5,2.1,0.723,33.6,214,338
"913","2016-07-01",35,"16~57","优",13.8,27.3,2,0.394,23.6,153,157
"914","2016-07-02",78,"48~124","良",46.3,63.5,2.5,0.667,37.9,189,313
"915","2016-07-03",107,"65~156","轻度污染",79,105.3,7.8,0.957,44.5,228,347
"916","2016-07-04",172,"67~267","中度污染",132.7,107,5,1.246,32.3,231,358
"917","2016-07-05",127,"82~159","轻度污染",94.3,92.8,5,1,30.3,247,357
"918","2016-07-06",110,"82~137","轻度污染",74.5,96.7,5.1,0.924,35.4,233,347
"919","2016-07-07",146,"108~172","轻度污染",110.6,127.5,7.7,1.254,32.2,248,362
"920","2016-07-08",122,"80~173","轻度污染",91.4,105.8,5.6,1.195,34.1,232,352
"921","2016-07-09",108,"73~144","轻度污染",81.4,85.8,3.8,0.794,32.6,224,349
"922","2016-07-10",128,"73~199","轻度污染",93.2,95.4,4.1,0.815,28.4,210,351
"923","2016-07-11",116,"74~155","轻度污染",87.8,100.6,6.8,0.715,28.7,203,350
"924","2016-07-12",52,"20~97","良",32.9,43.9,4,0.579,29.2,115,184
"925","2016-07-13",46,"20~83","优",19.4,34.6,2.4,0.492,32.1,186,185
"926","2016-07-14",57,"41~80","良",34.8,63.7,4.2,0.821,42.4,149,273
"927","2016-07-15",52,"36~79","良",36.3,29.2,2,0.7,30.2,89,259
"928","2016-07-16",53,"40~69","良",37,42.9,2.8,0.742,38.5,95,241
"929","2016-07-17",104,"70~138","轻度污染",77.3,86.8,2.9,1.121,42.6,250,328
"930","2016-07-18",142,"127~159","轻度污染",107.9,120.9,4.2,1.267,52.3,150,356
"931","2016-07-19",132,"97~201","轻度污染",99.8,67.6,2.5,1.263,45.9,57,357
"932","2016-07-20",54,"15~125","良",37.3,3.4,2.1,0.746,19.1,57,171
"933","2016-07-21",38,"12~83","优",25.4,29.6,2,0.838,26.5,62,145
"934","2016-07-22",102,"73~138","轻度污染",76.5,46.9,2.1,1.071,31.5,169,351
"935","2016-07-23",164,"40~214","中度污染",124.2,108,2.3,1.204,35.3,209,343
"936","2016-07-24",91,"52~163","良",67,70.3,2.5,0.888,31.5,237,292
"937","2016-07-25",66,"42~94","良",43.6,52,2.8,0.821,30.2,148,253
"938","2016-07-26",36,"13~78","优",18.3,33.8,2.9,0.575,22.4,158,108
"939","2016-07-27",78,"25~143","良",49,71.4,2,0.75,35.2,286,259
"940","2016-07-28",68,"29~133","良",46.6,57.1,2.1,0.667,30.3,218,197
"941","2016-07-29",155,"112~189","中度污染",117.1,120.7,2.3,1.233,31.8,243,364
"942","2016-07-30",175,"0~500","中度污染",116.3,183.7,1.8,1.392,27.3,118,297
"943","2016-07-31",75,"55~94","良",54.9,38.2,2.1,1.013,31.5,112,313
"944","2016-08-01",92,"69~149","良",67.8,68,2.7,1.196,29.8,194,341
"945","2016-08-02",78,"41~165","良",52,44,2.2,1.042,30.9,170,284
"946","2016-08-03",90,"65~122","良",55.3,70.7,2.6,0.921,32.4,243,344
"947","2016-08-04",133,"98~173","轻度污染",101,107.5,2.4,1.438,33.4,248,362
"948","2016-08-05",87,"64~125","良",64,74.8,2.6,0.838,28.2,179,343
"949","2016-08-06",134,"98~169","轻度污染",101.3,116.7,2.1,0.983,33.1,171,365
"950","2016-08-07",34,"23~52","优",19.7,20.5,2.3,0.638,18.1,135,127
"951","2016-08-08",53,"33~69","良",31.4,43.7,2.5,0.796,26.2,164,262
"952","2016-08-09",71,"53~116","良",45.3,65,5.8,1.158,38.2,231,305
"953","2016-08-10",111,"87~143","轻度污染",83.3,94,2.6,0.938,26.9,169,357
"954","2016-08-11",113,"97~130","轻度污染",85.5,101.8,3.5,0.963,28,180,362
"955","2016-08-12",85,"24~150","良",60.8,74,4.4,0.863,37.9,91,256
"956","2016-08-13",38,"23~52","优",23,36.9,3.6,0.683,40.5,69,138
"957","2016-08-14",47,"16~92","优",20.2,44.8,3.1,0.604,37.7,193,183
"958","2016-08-15",38,"21~79","优",21.5,36.9,2.3,0.613,29.8,96,139
"959","2016-08-16",44,"29~70","优",23.7,39.1,2,0.596,32,176,163
"960","2016-08-17",85,"49~137","良",61.3,76.8,2.6,0.979,58.2,53,299
"961","2016-08-18",103,"60~148","轻度污染",76.9,1.7,2,1.613,41.9,52,338
"962","2016-08-19",37,"18~68","优",19,23.5,2.1,0.921,25,130,137
"963","2016-08-20",81,"58~118","良",53.6,66.2,2,1.048,37,235,332
"964","2016-08-21",90,"63~148","良",53.1,73.6,2.2,0.938,41.1,295,324
"965","2016-08-22",76,"51~108","良",51.5,71.7,4.2,0.926,32,172,285
"966","2016-08-23",94,"67~124","良",69.9,92.3,5.8,0.904,41.5,156,335
"967","2016-08-24",108,"88~142","轻度污染",81.1,97.5,3.5,1.05,48.4,148,342
"968","2016-08-25",37,"0~142","优",20,27.5,2.1,0.417,24,83,90
"969","2016-08-26",30,"19~56","优",10.3,25.2,2,0.371,31.6,100,88
"970","2016-08-27",40,"24~76","优",14.9,38.2,2.8,0.446,39.5,92,139
"971","2016-08-28",33,"22~59","优",11.2,29.1,2.3,0.317,34,101,73
"972","2016-08-29",46,"26~63","优",18.5,45.3,3.1,0.483,44.5,132,132
"973","2016-08-30",63,"42~102","良",30,64.8,3.2,0.617,48.4,204,225
"974","2016-08-31",38,"26~66","优",17.5,39.2,3.2,0.45,41.1,98,105
"975","2016-09-01",31,"20~60","优",7.7,30.6,2.5,0.333,30.6,79,89
"976","2016-09-02",34,"15~47","优",12.3,33.8,2.1,0.396,32.6,70,80
"977","2016-09-03",40,"18~72","优",19.5,41.9,2.3,0.45,33.9,177,95
"978","2016-09-04",107,"58~178","轻度污染",79.4,103.7,5.2,1.021,46.1,194,304
"979","2016-09-05",47,"28~68","优",27.9,40.3,2.1,0.525,31.6,100,122
"980","2016-09-06",36,"0~60","优",17.9,36.1,3,0.488,38.3,86,93
"981","2016-09-07",51,"28~90","良",29,44.8,3.5,0.583,34.7,192,162
"982","2016-09-08",41,"29~59","优",22,40.5,2.5,0.591,44,120,99
"983","2016-09-09",40,"20~55","优",18.6,38.8,3,0.504,42.7,80,100
"984","2016-09-10",39,"20~67","优",16.3,40.5,2.7,0.475,42.2,108,125
"985","2016-09-11",50,"29~120","良",33.3,46.2,2.2,0.8,30.8,136,170
"986","2016-09-12",47,"35~70","优",32.8,45,2.1,0.754,35.2,145,151
"987","2016-09-13",116,"70~169","轻度污染",87.1,93.3,2.9,1.083,53.8,169,334
"988","2016-09-14",135,"64~201","轻度污染",101.6,111,3.8,1.125,48.9,196,342
"989","2016-09-15",101,"62~203","轻度污染",73.2,87.2,3.6,0.904,44.2,207,303
"990","2016-09-16",183,"55~235","中度污染",136,147.3,3.8,1.171,39.3,215,345
"991","2016-09-17",62,"32~94","良",42,43.5,2.5,0.787,36,82,225
"992","2016-09-18",36,"32~40","优",24.5,14.1,2.2,0.6,29.3,24,97
"993","2016-09-19",31,"13~55","优",12.3,25.9,2,0.433,32.5,80,55
"994","2016-09-20",40,"19~65","优",19.8,39.7,2.5,0.542,44.4,110,89
"995","2016-09-21",89,"63~117","良",64.5,96.6,4.6,0.954,75.2,58,298
"996","2016-09-22",135,"110~172","轻度污染",102.5,122.9,7.2,1.083,58.2,143,355
"997","2016-09-23",164,"115~222","中度污染",124.6,63.7,3.3,1.15,45.6,217,361
"998","2016-09-24",151,"46~267","中度污染",116,129,3.9,1.096,53.3,215,277
"999","2016-09-25",214,"129~273","重度污染",166.6,155.2,3.7,1.542,52.5,114,362
"1000","2016-09-26",81,"30~129","良",59.4,49.3,2.4,1.192,44.6,82,230
"1001","2016-09-27",44,"19~117","优",26,33.6,2,0.646,25.2,65,111
"1002","2016-09-28",29,"15~68","优",14.8,30.5,2.8,0.404,35.5,67,93
"1003","2016-09-29",76,"39~113","良",52.4,81.1,5.3,0.674,58.2,116,298
"1004","2016-09-30",131,"98~178","轻度污染",98.8,134,7,0.938,74.8,180,348
"1005","2016-10-01",216,"180~255","重度污染",167.2,198.6,11,1.338,85.9,149,361
"1006","2016-10-02",236,"211~266","重度污染",185.6,192.5,6,1.4,73.9,156,362
"1007","2016-10-03",160,"83~216","中度污染",121.4,145.5,3.4,1.146,60.2,151,349
"1008","2016-10-04",57,"39~165","良",34.9,53.9,3.4,1.079,36.9,75,183
"1009","2016-10-05",79,"36~124","良",56.8,66.4,2.1,1.213,40.4,71,263
"1010","2016-10-06",97,"68~120","良",72.4,86.5,4,1.633,49.1,23,324
"1011","2016-10-07",57,"22~72","良",40.8,12,2.1,1.638,43.5,35,217
"1012","2016-10-08",26,"13~56","优",11.6,23.6,2.3,0.425,24.5,68,61
"1013","2016-10-09",56,"43~73","良",31.6,62.4,4.3,0.717,52.4,51,230
"1014","2016-10-10",117,"65~196","轻度污染",87.3,121.2,9.4,1.158,76.7,41,328
"1015","2016-10-11",155,"78~201","中度污染",117.2,141.6,7.5,1.413,67.1,75,356
"1016","2016-10-12",104,"68~158","轻度污染",77.5,98.8,6,1.167,63.2,78,303
"1017","2016-10-13",195,"132~276","中度污染",152.1,176.5,4.6,1.513,74.8,94,352
"1018","2016-10-14",293,"229~381","重度污染",242.9,284.5,5.9,2.004,93.8,102,366
"1019","2016-10-15",239,"212~299","重度污染",189.4,218.6,4.2,1.954,87,6,365
"1020","2016-10-16",156,"117~221","中度污染",118.5,28.3,3.2,1.054,58.8,73,361
"1021","2016-10-17",88,"36~160","良",63.3,80.9,2.5,0.904,52.7,84,251
"1022","2016-10-18",155,"84~243","中度污染",118.5,154.8,5.5,1.758,71.7,15,328
"1023","2016-10-19",278,"224~345","重度污染",228.3,247.8,5.2,2.233,83,63,363
"1024","2016-10-20",126,"57~293","轻度污染",94.5,95.2,6.5,1.475,55.5,37,285
"1025","2016-10-21",61,"45~79","良",43.6,20.3,2,0.833,41.2,34,261
"1026","2016-10-22",25,"10~50","优",14.8,13.3,2.1,0.558,29.8,40,75
"1027","2016-10-23",46,"34~67","优",27.3,48.8,3.6,0.617,43.6,46,218
"1028","2016-10-24",90,"58~129","良",62.5,110.5,3,1.133,58.5,7,322
"1029","2016-10-25",132,"87~179","轻度污染",99.6,134.5,3,1.45,73.4,12,349
"1030","2016-10-26",78,"18~163","良",45.5,81.2,3.3,0.813,50.4,59,242
"1031","2016-10-27",52,"29~74","良",31.2,53.1,5,1.038,50.8,15,222
"1032","2016-10-28",27,"15~51","优",11.4,22.4,2.4,0.404,29.5,65,78
"1033","2016-10-29",52,"34~76","良",24.4,57.9,4.3,0.55,46.8,52,232
"1034","2016-10-30",68,"15~119","良",45.8,84.7,5.5,0.775,44.6,60,225
"1035","2016-10-31",25,"15~42","优",8.6,22.9,3.4,0.304,17.8,61,43
"1036","2016-11-01",63,"35~112","良",41.9,69.1,8.2,0.713,53.2,49,221
"1037","2016-11-02",138,"112~204","轻度污染",104.6,146.4,10.2,1.446,81.6,32,332
"1038","2016-11-03",235,"142~326","重度污染",189.3,234.2,9.3,2.483,103.5,15,352
"1039","2016-11-04",294,"241~375","重度污染",243.8,286.7,5.6,3.404,117.5,20,358
"1040","2016-11-05",232,"175~264","重度污染",183,200.3,4.7,3.179,97.5,53,340
"1041","2016-11-06",97,"62~175","良",71.9,91.8,9.4,1.183,55.5,49,178
"1042","2016-11-07",58,"16~144","良",41.1,51.9,3.6,0.825,40.7,55,113
"1043","2016-11-08",57,"19~118","良",35.9,61.4,6.4,0.804,51.6,48,182
"1044","2016-11-09",194,"114~275","中度污染",152.6,188.3,13.6,2.488,84.5,6,355
"1045","2016-11-10",202,"72~282","重度污染",156.7,192.4,8.9,1.863,71.5,24,339
"1046","2016-11-11",109,"62~162","轻度污染",81.8,121.2,6.9,1.629,64.7,26,290
"1047","2016-11-12",100,"67~139","轻度污染",75,123.5,9.7,1.539,65.8,42,269
"1048","2016-11-13",127,"65~216","轻度污染",95.1,153.3,10.8,2.204,71.1,4,238
"1049","2016-11-14",78,"27~209","良",44.4,82.6,4,0.979,37,67,120
"1050","2016-11-15",58,"24~129","良",36,69,12.4,1.235,59.4,33,116
"1051","2016-11-16",129,"95~203","轻度污染",97.2,140.7,15.6,2.148,79.6,35,295
"1052","2016-11-17",151,"104~208","中度污染",114.2,161.6,22,2.546,71,8,300
"1053","2016-11-18",241,"209~276","重度污染",190.8,285.2,19.4,3.752,86.9,3,337
"1054","2016-11-19",168,"42~273","中度污染",128.9,156.6,9.3,1.921,66.3,66,0
"1055","2016-11-20",76,"18~143","良",55,57.7,4.4,1.146,43.1,34,0
"1056","2016-11-21",20,"15~26","优",10,13.7,3,0.375,14.7,62,0
"1057","2016-11-22",22,"16~36","优",8.5,21.6,4.2,0.4,19.8,58,0
"1058","2016-11-23",35,"14~56","优",19.1,34.1,8.5,0.579,34.5,50,0
"1059","2016-11-24",97,"23~215","良",69.7,97.1,17,1.346,67.4,35,0
"1060","2016-11-25",199,"122~359","中度污染",157.6,199.9,24,2.588,96.1,10,0
"1061","2016-11-26",316,"249~360","严重污染",265,367.6,22.3,3.471,116.7,25,0
"1062","2016-11-27",81,"19~342","良",59.7,98.4,7.4,1.017,47.7,62,0
"1063","2016-11-28",83,"40~128","良",60.2,97.8,17.6,1.613,76.2,20,0
"1064","2016-11-29",129,"69~189","轻度污染",97.5,145.2,25.7,2.613,81.8,6,0
"1065","2016-11-30",125,"16~231","轻度污染",92.5,132.2,15.3,2.213,69,62,0
"1066","2016-12-01",47,"15~132","优",28.6,47.8,8,0.758,46,66,0
"1067","2016-12-02",126,"58~245","轻度污染",95.2,120.9,19.2,2.017,84.4,26,0
"1068","2016-12-03",238,"110~445","重度污染",198.1,237.1,24.4,3.292,110.5,17,0
"1069","2016-12-04",303,"92~454","严重污染",261.5,312.6,18.2,3.75,107.2,33,0
"1070","2016-12-05",78,"20~252","良",50.4,81,8.1,1.096,43.2,65,0
"1071","2016-12-06",107,"51~199","轻度污染",79.2,120.4,20.7,2.204,90,14,0
"1072","2016-12-07",166,"68~236","中度污染",126.9,167.9,23.5,2.679,100.3,22,0
"1073","2016-12-08",132,"18~254","轻度污染",94.2,129.1,12.1,1.833,57.1,70,0
"1074","2016-12-09",36,"15~80","优",22.5,38.4,9,0.717,40.8,58,0
"1075","2016-12-10",66,"36~113","良",46.6,71.4,14.2,1.4,63.7,34,0
"1076","2016-12-11",209,"132~279","重度污染",163.9,197.9,33.6,3.3,99.8,12,0
"1077","2016-12-12",225,"0~285","重度污染",183.6,202.5,33.8,2.458,85.8,46,0
"1078","2016-12-13",77,"0~257","良",55.6,57.4,9.6,1.226,50.2,45,0
"1079","2016-12-14",39,"13~100","优",25.2,39.9,10.4,0.754,44.5,52,0
"1080","2016-12-15",52,"27~104","良",27.1,53.9,10.3,0.896,43.3,64,0
"1081","2016-12-16",142,"49~257","轻度污染",107.1,142.5,21.2,2.121,90.2,17,0
"1082","2016-12-17",236,"122~367","重度污染",191.5,219.9,31.7,3.229,104,17,0
"1083","2016-12-18",273,"231~325","重度污染",222.5,245.9,25,3.492,102.4,22,0
"1084","2016-12-19",269,"214~408","重度污染",218.9,248,22.7,3.971,109.9,21,0
"1085","2016-12-20",416,"381~451","严重污染",373.9,424.5,8.3,7.879,134.8,8,0
"1086","2016-12-21",430,"395~457","严重污染",394.5,431,11.1,7.996,153.5,10,0
"1087","2016-12-22",120,"19~446","轻度污染",74.6,130.2,6.3,1.588,40.3,64,0
"1088","2016-12-23",48,"20~107","优",32.2,43.7,7.9,0.75,45.4,47,0
"1089","2016-12-24",157,"103~212","中度污染",118.4,147,26,2.638,88.2,17,0
"1090","2016-12-25",191,"153~229","中度污染",145.6,167.9,28.6,2.842,96.3,6,0
"1091","2016-12-26",66,"18~217","良",47.1,56.5,16.5,1.033,49.5,59,0
"1092","2016-12-27",56,"20~169","良",36.7,54.8,9.1,0.821,44,64,0
"1093","2016-12-28",96,"13~207","良",66.5,82.6,10,1.067,41.3,55,0
"1094","2016-12-29",75,"20~324","良",54.7,79.3,12.2,0.988,50.6,35,0
"1095","2016-12-30",259,"166~357","重度污染",210.5,253,19.3,3.233,98.8,12,0
"1096","2016-12-31",340,"243~458","严重污染",293.7,343.8,21.3,4.525,129.3,12,0
